accuracy,perf,pair_interaction_threshold_0,pair_interaction_decision_0,pair_interaction_decision_1,self_box_accumulate_threshold_0,self_box_accumulate_decision_0,self_box_accumulate_decision_1,neighbor_box_accumulate_threshold_0,neighbor_box_accumulate_decision_0,neighbor_box_accumulate_decision_1
0.8898008347677109,0.512255,0,0,0,1,0,1,2,0,0
0.8898008347677109,0.518129,49,0,0,27,0,0,17,1,1
0.8902044755764664,0.49423,18,1,0,15,0,1,2,0,1
0.8898026481971604,0.534,3,1,0,30,1,0,0,0,1
0.8897316448134209,0.534504,20,0,1,32,1,0,10,0,1
0.8898008347677109,0.510307,159,0,0,0,0,0,0,0,0
0.8900962110048045,0.330882,158,1,0,8,0,0,1,0,0
0.8898008347677109,0.507819,9,0,0,10,0,0,2,1,1
0.8900962110048045,0.314048,0,1,1,81,0,0,4,0,0
0.8900962110048045,0.313205,0,1,1,41,0,0,10,0,0
0.8893062170561068,0.545972,44,0,1,15,0,0,6,0,0
0.8898008347677109,0.51631,76,0,0,2,0,0,2,1,0
0.8900962110048045,0.338996,144,1,0,7,1,0,3,1,0
0.8898008347677109,0.513448,7,0,0,4,0,1,0,0,0
0.8900962110048045,0.314969,7,1,1,0,0,0,2,1,0
0.8900962110048045,0.335212,0,0,1,12,0,0,4,0,0
0.8898008347677109,0.512393,48,0,0,2,0,0,6,0,0
0.8898008347677109,0.509496,0,0,0,26,1,0,4,0,0
0.8901837721813,0.33322,82,1,0,0,0,1,1,1,0
0.8898008456094615,0.531701,1,1,0,0,1,1,12,1,1
0.8898008347677109,0.511154,0,0,0,26,0,0,7,0,0
0.8898008347677109,0.535493,113,0,1,7,0,0,1,0,0
0.8893206320541247,0.544519,45,0,1,1,1,1,0,0,1
0.8895862669095489,0.549237,24,0,1,0,0,0,0,0,1
0.8898008347677109,0.52123,8,0,0,0,0,0,6,0,1
0.8900962110048045,0.313491,1,1,1,57,0,0,11,0,0
0.8900962110048045,0.324626,0,1,1,41,0,0,10,0,1
0.8900962110048045,0.318853,0,1,1,41,0,0,25,0,0
0.8898008347677109,0.507906,5,0,0,0,0,0,0,0,0
0.8900962110048045,0.314635,0,1,1,41,0,0,15,0,0
0.8900962110048045,0.321386,0,1,1,49,0,0,10,0,0
0.8900962110048045,0.323924,0,1,1,36,0,0,10,0,0
0.8898008347677109,0.51286,8,0,0,1,0,0,1,0,0
0.8900962110048045,0.342096,20,1,1,2,0,0,0,1,1
0.8898008347677109,0.511611,146,0,0,7,0,1,4,1,0
0.8898008347677109,0.512032,184,0,0,1,0,1,3,1,0
0.8900962110048045,0.335321,114,1,0,2,0,0,1,0,0
0.8898008347677109,0.506922,39,0,0,9,0,0,1,0,0
0.8898008347677109,0.509506,12,0,0,15,0,0,2,0,0
0.8898008347677109,0.52072,158,0,0,2,0,0,0,0,0
0.8900962110048045,0.315727,0,1,1,41,0,0,10,0,1
0.8900962110048045,0.356592,0,0,1,41,0,0,0,0,0
0.8900962110048045,0.315074,0,1,1,41,1,0,4,0,0
0.8900962110048045,0.331785,0,1,1,0,1,0,10,0,0
0.8898008347677109,0.510786,2,0,0,0,0,0,13,0,0
0.8898008347677109,0.51714,0,0,0,24,1,1,0,0,0
0.8898865929201556,0.512862,10,1,0,33,0,1,0,0,0
0.8898012099091639,0.538412,2,1,0,4,0,0,0,0,1
0.8898008347677109,0.518445,12,0,0,3,0,0,1,0,0
0.8898008347677109,0.512762,87,0,0,4,0,0,3,0,0
0.8898008347677109,0.512086,37,0,0,2,0,0,3,0,0
0.8901560125050647,0.491466,17,1,0,2,0,0,4,0,0
0.8900962110048045,0.327808,1,1,1,39,0,0,15,0,0
0.8900962110048045,0.32234,0,1,1,41,0,0,13,0,0
0.8900962110048045,0.314412,0,1,1,41,0,0,14,0,0
0.8900962110048045,0.317495,0,1,1,16,0,0,10,0,0
0.8900962110048045,0.336267,0,0,1,5,1,0,15,0,0
0.8900962110048045,0.328098,9,1,1,97,1,1,0,0,0
0.8898008347677109,0.506651,1,0,0,7,1,0,3,1,0
0.8898008456094615,0.53862,1,1,0,64,0,0,3,0,1
0.8900962110048045,0.314459,0,1,1,41,0,1,10,0,0
0.8900962110048045,0.313624,0,1,1,41,1,0,10,0,0
0.8900962110048045,0.317794,5,1,1,41,0,0,10,0,0
0.8900962110048045,0.318531,0,1,1,41,0,0,10,0,1
0.8898008347677109,0.512629,57,0,0,16,0,0,4,0,0
0.8900962110048045,0.3136,0,1,1,68,0,0,10,0,0
0.8900962110048045,0.320711,0,1,1,17,0,0,14,0,0
0.8900962110048045,0.318035,0,1,1,62,0,0,10,0,0
0.8898008347677109,0.508884,3,0,0,23,0,0,26,0,0
0.8898008347677109,0.516112,36,0,0,40,0,1,0,0,0
0.8898008347677109,0.512763,7,0,0,57,0,0,21,1,0
0.8898008347677109,0.507895,0,0,0,62,0,0,3,1,1
0.8898008347677109,0.509122,13,0,0,11,0,0,8,0,0
0.8900962110048045,0.313787,0,1,1,41,0,0,3,0,0
0.8900962110048045,0.318614,0,1,1,42,1,0,10,0,0
0.8898008347677109,0.526006,0,1,0,41,0,0,2,0,0
0.8900962110048045,0.329191,134,1,0,4,0,0,1,0,0
0.8913903098902198,0.364136,52,1,0,4,0,0,2,0,0
0.8898008347677109,0.508716,79,0,0,8,0,0,1,0,0
0.8898008347677109,0.507319,44,0,0,11,0,0,1,0,0
0.8900962110048045,0.31335,0,1,1,11,0,0,10,0,0
0.8900962110048045,0.313144,0,1,1,41,0,0,14,0,0
0.8900962110048045,0.316029,1,1,1,20,0,0,19,0,0
0.8900962110048045,0.316704,0,1,1,41,0,0,25,0,0
0.8900962110048045,0.313622,0,1,1,13,0,0,15,0,0
0.8900962110048045,0.31362,1,1,1,53,0,0,17,0,0
0.8900962110048045,0.313397,0,1,1,41,0,0,8,0,0
0.8900962110048045,0.342037,0,1,1,76,0,0,14,0,0
0.8900962110048045,0.317057,0,1,1,34,0,0,14,0,0
0.8900962110048045,0.313824,0,1,1,41,0,0,18,0,0
0.8900962110048045,0.314647,0,1,1,49,0,0,14,0,0
0.8900962110048045,0.313767,0,1,1,41,0,0,15,0,0
0.8900962110048045,0.319546,0,1,1,96,0,0,17,0,0
0.8900962110048045,0.313739,0,1,1,53,0,0,14,0,0
0.8900962110048045,0.316475,0,1,1,30,0,0,9,0,0
0.8900962110048045,0.313826,0,1,1,41,0,0,12,0,0
0.8900962110048045,0.315048,0,1,1,56,0,0,6,0,0
0.8900962110048045,0.315995,1,1,1,41,0,0,14,0,0
0.8900962110048045,0.31542,0,1,1,41,0,0,20,0,0
0.8900962110048045,0.315556,0,1,1,41,0,0,22,0,0
0.8900962110048045,0.314137,0,1,1,41,0,0,12,0,0
0.8900962110048045,0.314608,0,1,1,41,0,0,13,0,0
0.8900962110048045,0.316566,0,1,1,98,0,0,14,0,0
0.8900962110048045,0.318321,0,1,1,34,0,0,14,0,0
0.8900962110048045,0.341402,0,1,1,70,0,0,14,0,0
0.8900962110048045,0.315346,0,1,1,65,0,0,16,0,0
0.8900962110048045,0.355587,0,1,1,36,0,0,14,0,0
0.8900962110048045,0.316188,0,1,1,74,0,0,14,0,0
0.889786460210686,0.533539,78,0,1,28,0,0,1,1,0
0.8898008347677109,0.510647,147,0,0,37,0,0,0,0,0
0.8898008347677109,0.550397,16,0,0,3,0,1,0,0,0
0.8902044755764664,0.493292,18,1,0,0,0,1,2,0,1
0.8900962110048045,0.314393,0,1,1,43,0,0,14,0,0
0.8900962110048045,0.313831,0,1,1,41,1,0,14,0,0
0.8900962110048045,0.317026,0,1,1,41,0,0,14,1,0
0.8900962110048045,0.315767,0,1,1,9,0,0,14,0,0
0.8898008347677109,0.514312,77,0,0,4,0,0,2,0,0
0.8898008347677109,0.508377,95,0,0,11,0,0,2,0,0
0.8898008347677109,0.512456,117,0,0,6,0,0,2,0,0
0.8898008347677109,0.508943,44,0,0,5,0,0,1,0,0
0.8900962110048045,0.314995,0,1,1,48,0,0,14,0,0
0.8900962110048045,0.314496,0,1,1,45,0,0,14,0,0
0.8900962110048045,0.313731,2,1,1,41,0,0,14,0,0
0.8900962110048045,0.31536,0,1,1,41,0,0,7,0,0
0.8900962110048045,0.315942,7,1,1,81,0,0,4,0,0
0.8900962110048045,0.317742,0,1,1,41,0,0,10,1,0
0.8893062170561068,0.538926,44,0,1,15,0,0,11,0,0
0.8898008347677109,0.513257,76,0,0,2,0,1,2,0,0
0.8900962110048045,0.316804,120,1,1,41,0,0,23,0,0
0.8900962110048045,0.315468,0,1,1,6,0,0,14,1,0
0.8900962110048045,0.315363,0,1,1,0,0,0,12,0,0
0.8900962110048045,0.314686,0,1,1,0,0,0,14,0,0
0.8898008347677109,0.509866,158,0,0,4,0,0,0,0,0
0.8900962110048045,0.314694,2,1,1,41,0,0,17,0,0
0.8900962110048045,0.313906,0,1,1,41,0,0,21,0,0
0.8900962110048045,0.336728,0,1,1,89,0,0,14,0,0
0.8898008347677109,0.51031,107,0,0,13,0,0,0,0,0
0.8900962110048045,0.333768,144,1,0,0,1,1,0,1,0
0.8898008347677109,0.508585,7,0,0,4,0,1,5,0,0
0.8900962110048045,0.316613,7,1,1,33,0,0,2,0,0
0.8898008347677109,0.508517,96,0,0,9,0,0,0,0,0
0.8900962110048045,0.315202,0,1,1,41,0,0,14,1,0
0.8900962110048045,0.319636,0,1,1,3,0,0,14,1,0
0.8900962110048045,0.313932,0,1,1,41,0,0,14,1,0
0.8898008347677109,0.507632,50,0,0,9,0,0,0,0,0
0.8900962110048045,0.315446,0,1,1,41,0,0,13,0,0
0.8900962110048045,0.315352,0,1,1,25,0,0,23,0,0
0.8900962110048045,0.317972,0,1,1,41,0,0,15,0,0
0.8898008347677109,0.507487,66,0,0,8,0,0,0,0,0
0.8898008347677109,0.528297,200,0,1,12,0,1,4,0,0
0.8898008347677109,0.512763,64,0,0,26,0,0,7,0,0
0.8898008347677109,0.533992,113,0,1,10,0,0,1,1,0
0.8898008347677109,0.507141,22,0,0,19,0,0,7,0,0
0.8900962110048045,0.329563,103,1,0,41,0,0,14,0,0
0.8900962110048045,0.313184,0,1,1,41,1,0,14,0,0
0.8900962110048045,0.317289,0,1,1,41,0,0,14,1,0
0.8898008347677109,0.508278,43,0,0,12,0,0,3,0,0
0.8900962110048045,0.323359,1,1,1,15,0,0,24,0,0
0.8900962110048045,0.31389,1,1,1,41,0,0,12,0,0
0.8900962110048045,0.317595,0,1,1,68,0,0,10,0,0
0.8900962110048045,0.335367,146,1,0,6,0,0,1,0,0
0.8901534816684484,0.33541,84,1,0,4,0,0,1,0,0
0.8898008347677109,0.516686,77,0,0,7,0,0,1,0,0
0.8898008347677109,0.510063,94,0,0,6,0,0,0,0,0
0.8893206320541247,0.538174,45,0,1,28,0,1,0,1,1
0.8898008347677109,0.524153,200,0,1,0,0,1,0,0,0
0.8897316448134209,0.535222,20,0,1,16,0,0,0,1,1
0.8898008347677109,0.525632,146,0,1,7,0,1,0,1,0
0.8900962110048045,0.315671,147,1,1,41,0,0,25,0,0
0.8900962110048045,0.313601,0,1,1,0,1,0,14,0,0
0.8900962110048045,0.317856,0,1,1,1,0,1,14,0,0
0.8900962110048045,0.317523,0,1,1,21,0,0,14,1,0
0.8900962110048045,0.31969,0,1,1,78,0,0,14,0,0
0.8900962110048045,0.316911,0,1,1,36,0,0,14,0,0
0.8900962110048045,0.326912,1,1,1,70,0,0,14,0,0
0.8900962110048045,0.314059,0,1,1,46,0,0,12,0,0
0.8898008347677109,0.512806,113,0,0,7,0,0,1,0,0
0.8898008347677109,0.507213,113,0,0,6,0,0,0,0,0
0.8898008347677109,0.506769,103,0,0,6,0,0,1,0,0
0.8898008347677109,0.506247,77,0,0,4,0,0,1,0,0
0.8898008347677109,0.530862,184,0,1,1,0,1,3,1,0
0.8898008347677109,0.509093,2,0,0,0,0,1,13,0,0
0.8898008347677109,0.532456,0,1,0,24,1,0,0,0,0
0.8900962110048045,0.315881,10,1,1,33,1,1,0,1,0
0.8900962110048045,0.323413,26,1,1,41,0,0,14,0,0
0.8900962110048045,0.31404,30,1,1,41,0,0,14,0,0
0.8900962110048045,0.33348,0,0,1,41,0,0,14,0,0
0.8900962110048045,0.325534,0,1,1,2,0,0,12,0,1
0.8900962110048045,0.318383,0,1,1,87,0,0,14,0,0
0.8898008347677109,0.52869,0,1,0,41,0,0,12,0,0
0.8900962110048045,0.316909,0,1,1,41,0,0,11,0,0
0.8900962110048045,0.331168,0,1,1,78,0,0,7,0,0
0.8898008347677109,0.527329,146,0,0,4,0,0,0,0,0
0.8898008347677109,0.530106,0,1,0,4,0,0,0,0,1
0.8900962110048045,0.33603,0,0,1,10,1,0,1,0,1
0.8900458235336431,0.496615,9,0,1,97,1,1,0,0,0
0.8898008347677109,0.514497,56,0,0,8,0,0,7,0,0
0.8900962110048045,0.315094,0,1,1,0,0,0,14,0,0
0.8900962110048045,0.316187,43,1,1,41,0,0,14,0,0
0.8898008347677109,0.534402,0,1,0,41,0,0,14,0,0
0.8898008347677109,0.513344,77,0,0,6,0,0,3,0,0
0.8900962110048045,0.315056,0,1,1,34,0,0,12,0,0
0.8900962110048045,0.330498,0,1,1,99,0,0,14,0,0
0.8900962110048045,0.313791,1,1,1,41,0,0,12,0,0
0.8898008347677109,0.513313,163,0,0,2,0,0,1,0,0
0.8898008347677109,0.511572,1,0,0,7,1,0,7,0,0
0.8898008347677109,0.509811,1,0,0,2,0,0,3,0,1
0.8898008347677109,0.509567,36,0,0,0,1,1,1,1,0
0.8898008347677109,0.507433,127,0,0,3,0,0,1,0,0
0.8894825766382247,0.541453,27,0,1,41,0,0,9,0,0
0.8900962110048045,0.313594,31,1,1,41,0,0,14,0,1
0.8900962110048045,0.331849,0,0,1,0,0,0,14,0,0
0.8900962110048045,0.318133,0,1,1,51,0,0,14,0,0
0.8900962110048045,0.319199,0,1,1,28,0,0,23,0,0
0.8900962110048045,0.317044,0,1,1,41,0,0,6,0,0
0.8900962110048045,0.317032,0,1,1,28,0,0,14,0,0
0.8898008347677109,0.527862,189,0,0,3,0,0,0,0,0
0.8898008347677109,0.510947,5,0,0,57,0,0,21,1,0
0.8898008347677109,0.515228,0,0,0,0,0,0,3,1,1
0.8897997032728259,0.536728,87,0,1,28,0,0,1,1,0
0.8898008347677109,0.512503,89,0,0,5,0,0,2,0,0
0.8900962110048045,0.331604,11,1,1,41,0,0,14,0,0
0.8900962110048045,0.33403,0,0,1,62,0,0,14,0,1
0.8898008347677109,0.533018,0,1,0,28,0,0,14,0,1
0.8898008347677109,0.508497,93,0,0,2,0,0,1,0,0
0.8900962110048045,0.315348,0,1,1,36,0,0,14,0,0
0.8900962110048045,0.31325,0,1,1,57,0,0,14,0,0
0.8900962110048045,0.330319,0,1,1,14,0,0,18,0,0
0.8898008347677109,0.510539,99,0,0,3,0,0,1,0,0
0.8900962110048045,0.317405,0,1,1,0,0,0,14,1,0
0.8900962110048045,0.317829,0,1,1,22,0,0,14,0,0
0.8898008347677109,0.537185,0,1,0,41,0,0,14,0,0
0.8900962110048045,0.329775,140,1,0,5,0,0,1,0,0
0.8900962110048045,0.329841,106,1,0,4,0,0,1,0,0
0.8898008347677109,0.515573,102,0,0,4,0,0,1,0,0
0.8898008347677109,0.511,117,0,0,5,0,0,1,0,0
0.8898008347677109,0.509701,147,0,0,100,0,0,0,0,0
0.8898008347677109,0.507493,0,0,0,3,0,0,0,0,0
0.8902044755764664,0.490268,18,1,0,0,0,0,2,0,1
0.8900962110048045,0.318139,0,1,1,4,0,0,4,1,0
0.8900962110048045,0.313344,0,1,1,22,0,0,14,0,0
0.8900962110048045,0.318469,0,1,1,41,0,0,8,0,0
0.8900962110048045,0.362208,0,1,1,40,0,0,10,0,0
0.8900962110048045,0.325441,0,1,1,41,0,0,10,0,0
0.8898008347677109,0.508901,123,0,0,5,0,0,0,0,0
0.8898008347677109,0.51165,130,0,0,3,0,0,1,0,0
0.8898008347677109,0.514617,112,0,0,5,0,0,0,0,0
0.8898008347677109,0.508798,109,0,0,4,0,0,1,0,0
0.8900962110048045,0.3195,0,1,1,4,0,0,14,0,0
0.8900962110048045,0.313167,0,1,1,41,1,0,8,0,0
0.8900962110048045,0.319142,149,1,1,41,0,0,14,0,1
0.8900962110048045,0.313748,0,1,1,41,0,0,2,0,0
0.8900962110048045,0.314355,0,1,1,100,0,0,10,0,0
0.8893062170561068,0.53903,44,0,1,18,0,0,0,0,1
0.8903255678415106,0.334731,76,1,0,1,0,1,0,0,0
0.8898008347677109,0.527441,0,1,0,0,0,0,0,0,0
0.8900962110048045,0.31516,0,1,1,40,0,0,14,0,0
0.8900962110048045,0.347986,0,1,1,97,0,0,22,0,0
0.8900962110048045,0.324415,0,1,1,41,0,0,16,0,0
0.8900962110048045,0.316189,0,1,1,25,0,0,14,0,0
0.8900962110048045,0.317019,0,1,1,41,0,1,14,0,0
0.8900962110048045,0.317636,0,1,1,41,0,0,9,0,0
0.8900962110048045,0.339189,0,0,1,41,0,0,14,0,0
0.8900962110048045,0.339189,0,0,1,41,0,0,14,0,0
0.8898008347677109,0.517176,123,0,0,5,0,0,1,0,0
0.8898008347677109,0.513565,7,0,0,20,0,1,5,0,0
0.8900962110048045,0.314196,7,1,1,4,0,0,0,0,1
0.8896546722363265,0.551125,22,0,1,12,0,0,4,0,0
0.8898008347677109,0.506488,111,0,0,2,0,0,1,0,0
0.8900962110048045,0.320575,0,1,1,16,0,0,14,0,0
0.8900962110048045,0.314497,1,1,1,73,0,0,14,0,0
0.8900962110048045,0.31482,1,1,1,70,0,0,14,0,0
0.8898008347677109,0.507448,115,0,0,3,0,0,1,0,0
0.8898008347677109,0.508982,0,0,0,41,0,0,14,0,0
0.8900962110048045,0.323278,0,1,1,0,0,0,14,0,0
0.8900962110048045,0.313279,0,1,1,41,0,0,14,1,0
0.8900962110048045,0.330411,137,1,0,4,0,0,1,0,0
0.8900962110048045,0.331939,119,1,0,4,0,0,1,0,0
0.8898008347677109,0.510947,121,0,0,4,0,0,1,0,0
0.8898008347677109,0.509343,128,0,0,4,0,0,0,0,0
0.8898008347677109,0.507561,0,0,0,26,0,0,0,0,0
0.8898008347677109,0.525328,113,0,1,1,0,0,4,0,0
0.8900962017316811,0.44859,1,0,1,28,0,1,0,1,1
0.8898008347677109,0.509351,200,0,0,0,0,1,0,0,0
0.8900962110048045,0.313459,0,1,1,53,0,0,15,0,0
0.8900962110048045,0.328603,2,1,1,41,0,0,14,0,0
0.8900962110048045,0.314046,0,1,1,25,0,0,18,0,0
0.8900962110048045,0.315773,1,1,1,41,0,0,14,0,0
0.8900962110048045,0.331633,0,0,1,41,0,0,14,0,0
0.8900962110048045,0.313929,0,1,1,1,0,0,14,0,0
0.8900962110048045,0.313864,0,1,1,41,0,0,6,0,0
0.8900962110048045,0.313814,0,1,1,41,0,0,14,0,1
0.8898008347677109,0.508217,125,0,0,4,0,0,1,0,0
0.8898008347677109,0.506731,132,0,0,3,0,0,1,0,0
0.8898008347677109,0.508637,123,0,0,4,0,0,0,0,0
0.8898008347677109,0.519286,117,0,0,4,0,0,1,0,0
0.8900962110048045,0.313741,20,1,1,2,0,1,0,1,0
0.8898008347677109,0.513035,2,0,0,7,0,1,4,1,0
0.8898008347677109,0.515413,5,0,0,31,0,1,3,1,0
0.8898008347677109,0.512861,2,0,0,2,0,1,13,0,0
0.8900962110048045,0.315692,0,1,1,41,0,0,12,0,0
0.8900962110048045,0.313627,0,1,1,41,0,0,16,0,0
0.8900962110048045,0.324383,0,1,1,76,0,0,9,0,0
0.8900962110048045,0.315403,0,1,1,60,0,0,14,0,0
0.8900962110048045,0.319916,0,1,1,41,0,0,1,0,0
0.8898008347677109,0.53659,0,1,0,41,0,0,14,0,0
0.8900962110048045,0.328938,0,1,1,0,0,0,4,0,0
0.8898008347677109,0.543342,0,1,0,41,0,0,14,0,0
0.8898008347677109,0.507671,128,0,0,4,0,0,1,0,0
0.8898008347677109,0.559781,0,0,0,0,0,0,0,0,1
0.8900962110048045,0.318262,26,1,1,33,1,1,0,1,0
0.8906444867384298,0.484483,25,1,0,4,0,0,0,0,1
0.8898008347677109,0.522829,146,0,0,4,0,0,1,0,0
0.8900962110048045,0.313282,0,1,1,42,0,0,14,0,0
0.8900962110048045,0.335054,2,1,1,46,0,0,14,0,0
0.8900962110048045,0.317529,0,1,1,25,0,0,14,0,0
0.8898008347677109,0.508508,140,0,0,4,0,0,1,0,0
0.8898008347677109,0.548259,0,1,0,41,0,0,4,0,0
0.8900962110048045,0.332866,0,0,1,90,0,0,14,0,0
0.8900962110048045,0.31435,23,1,1,41,0,0,14,0,0
0.8898008347677109,0.515401,133,0,0,4,0,0,1,0,0
0.8900962110048045,0.332609,0,0,1,10,0,0,1,1,1
0.8898008347677109,0.508278,9,0,0,97,1,0,0,1,0
0.8900962017316811,0.452338,1,0,1,13,1,0,3,1,0
0.8900962110048045,0.340946,135,1,0,4,0,0,1,0,0
0.8900962110048045,0.330403,126,1,0,4,0,0,1,0,0
0.8898008347677109,0.507904,133,0,0,3,0,0,1,0,0
0.8898008347677109,0.520018,131,0,0,4,0,0,1,0,0
0.8900962110048045,0.319628,36,1,1,41,0,0,14,0,0
0.8900962110048045,0.322548,0,1,1,41,0,0,0,0,0
0.8900962110048045,0.32671,0,1,1,41,0,0,3,0,0
0.8898008347677109,0.507172,0,0,0,67,0,0,14,0,0
0.8900962110048045,0.314858,0,1,1,41,0,0,15,0,0
0.8900962110048045,0.314544,0,1,1,41,0,0,15,0,0
0.8900962110048045,0.313891,0,1,1,53,0,0,15,0,0
0.8900962110048045,0.314292,1,1,1,15,0,0,12,0,0
0.8898008347677109,0.51949,54,0,0,0,1,0,2,0,1
0.8900962110048045,0.336876,0,0,1,0,0,0,0,0,1
0.8900604887671208,0.492881,8,0,1,55,1,0,1,0,0
0.8898008347677109,0.510633,0,0,0,17,0,0,2,0,1
0.8900962110048045,0.3154,36,1,1,0,0,1,7,1,0
0.8898008347677109,0.530523,0,1,0,7,1,0,26,0,1
0.8900962110048045,0.344773,0,0,1,1,0,0,0,0,1
0.8900962110048045,0.333152,0,0,1,11,1,1,3,0,0
0.8900962110048045,0.314284,25,1,1,0,0,1,11,1,0
0.8899355343297431,0.522689,14,0,1,2,0,1,7,1,0
0.8900962110048045,0.315632,36,1,1,1,0,1,7,1,0
0.8900962110048045,0.31687,36,1,1,0,0,1,10,1,0
0.8900962110048045,0.329632,104,1,0,15,1,0,12,0,0
0.8898008347677109,0.515113,1,0,0,0,0,1,5,0,0
0.8898008347677109,0.532514,197,0,0,3,1,1,1,0,0
0.8898008347677109,0.510562,104,0,0,1,0,0,26,0,0
0.8900962110048045,0.315455,34,1,1,0,0,1,11,1,0
0.8900962110048045,0.315245,36,1,1,0,0,1,11,1,0
0.8900962110048045,0.314471,25,1,1,0,0,1,6,1,0
0.8900962110048045,0.314842,15,1,1,0,0,1,10,1,0
0.8898008347677109,0.507998,25,0,0,0,0,1,11,0,0
0.8900962110048045,0.314789,25,1,1,0,0,1,11,0,0
0.8900962110048045,0.318099,0,1,1,0,0,1,10,1,0
0.8900962110048045,0.318086,25,1,1,0,0,1,11,0,0
0.8898008347677109,0.507161,3,0,0,35,0,0,11,0,1
0.8900962110048045,0.321774,7,1,1,3,0,0,0,0,0
0.8900962110048045,0.316519,119,1,1,12,0,0,5,0,0
0.8898008347677109,0.52772,125,0,1,1,0,0,7,1,0
0.8898008347677109,0.510407,13,0,0,41,0,0,2,0,1
0.8900458235336431,0.502438,9,0,1,30,0,0,13,1,1
0.8900962110048045,0.315714,25,1,1,0,0,1,18,1,1
0.8900962110048045,0.313347,11,1,1,0,0,1,11,1,0
0.8900962110048045,0.325912,10,1,1,0,0,1,6,1,0
0.8900962110048045,0.314513,10,1,1,0,0,1,11,1,0
0.8900962110048045,0.319828,11,1,1,0,0,1,8,1,0
0.8900962110048045,0.314016,11,1,1,0,0,0,6,1,0
0.8900962110048045,0.313156,11,1,1,0,0,1,10,1,0
0.8900962110048045,0.313291,11,1,1,0,0,1,6,1,0
0.8900962110048045,0.315302,15,1,1,0,0,1,11,1,0
0.8900962110048045,0.317272,11,1,1,2,0,1,15,1,0
0.8900962110048045,0.313724,6,1,1,0,0,1,10,1,0
0.8900962110048045,0.314608,27,1,1,0,0,1,10,1,0
0.8900962110048045,0.31414,10,1,1,0,0,1,10,1,0
0.8900962110048045,0.315852,8,1,1,0,0,1,5,1,0
0.8900962110048045,0.315,18,1,1,0,0,1,10,1,0
0.8900962110048045,0.32432,7,1,1,0,0,1,10,1,0
0.8900962110048045,0.314238,8,1,1,0,0,1,10,1,0
0.8900962110048045,0.313909,16,1,1,0,0,1,10,1,0
0.8900962110048045,0.314218,1,1,1,1,0,1,10,1,0
0.8900962110048045,0.321332,11,1,1,2,0,1,19,1,0
0.8900962110048045,0.324935,11,1,1,0,0,1,12,1,0
0.8899144054819162,0.527762,11,1,0,0,0,1,15,1,0
0.8898008347677109,0.509196,0,0,0,7,0,0,26,0,0
0.8900962110048045,0.319378,11,1,1,0,0,1,11,1,0
0.8900962110048045,0.318594,10,1,1,0,0,1,10,1,0
0.8900962110048045,0.316824,5,1,1,0,0,1,10,1,0
0.8898008347677109,0.513637,2,0,0,5,0,0,13,0,0
0.8900962110048045,0.318996,11,1,1,0,0,1,12,1,0
0.8900962110048045,0.317147,11,1,1,0,0,1,11,1,0
0.8900962110048045,0.316922,16,1,1,1,0,1,10,1,0
0.8910077163365488,0.347456,61,1,0,3,0,0,9,0,0
0.8900875517756281,0.472713,5,0,1,2,0,1,5,0,0
0.8900875517756281,0.471735,5,0,1,0,0,0,2,0,0
0.8898065929555367,0.537337,18,0,1,5,0,0,10,1,0
0.8900962110048045,0.315239,12,1,1,0,0,0,10,1,0
0.8893286820736983,0.546409,33,0,1,0,0,0,0,0,0
0.8896367985408172,0.530624,62,0,1,1,0,0,14,1,1
0.8900074696868607,0.519359,11,0,1,0,0,0,10,1,0
0.8900962110048045,0.315873,11,1,1,0,0,1,19,1,0
0.8900962110048045,0.313974,7,1,1,0,0,1,9,1,0
0.8900962110048045,0.315371,11,1,1,0,0,1,7,1,0
0.8900962110048045,0.320133,32,1,1,2,0,1,18,1,0
0.8897912393423391,0.525428,80,0,1,2,0,0,0,0,0
0.8898008347677109,0.51063,49,0,0,18,1,0,13,0,0
0.8898008347677109,0.510642,1,0,0,5,0,0,8,0,0
0.8900962110048045,0.319238,11,1,1,0,0,1,10,0,0
0.8898008347677109,0.515703,22,0,0,5,0,0,4,0,0
0.8898008347677109,0.508019,61,0,0,0,0,0,14,0,0
0.8898008347677109,0.510952,8,0,0,0,0,1,6,0,0
0.889811276550959,0.523848,5,1,0,2,0,0,14,0,0
0.8900962110048045,0.315681,3,1,1,0,0,1,10,1,0
0.8899144054819162,0.521747,11,1,0,0,0,1,10,1,0
0.8900962110048045,0.313984,11,1,1,2,0,1,22,1,0
0.8900962110048045,0.314861,11,1,1,1,0,1,10,1,0
0.8899144054819162,0.5148,11,1,0,0,0,1,1,1,0
0.8900962110048045,0.315864,11,1,1,0,0,0,4,1,0
0.8900962110048045,0.313816,11,1,1,0,0,1,15,1,0
0.8900074696868607,0.504452,11,0,1,0,0,1,10,1,0
0.8900962110048045,0.317472,9,1,1,1,0,1,10,1,0
0.8900962110048045,0.317308,7,1,1,0,0,1,10,1,0
0.8900962110048045,0.326413,11,1,1,0,0,1,10,0,0
0.8900962110048045,0.330667,16,1,1,0,0,1,10,1,0
0.8900962110048045,0.318821,0,1,1,52,1,0,0,0,0
0.8911386423689935,0.350015,58,1,0,26,0,0,5,1,0
0.8898008347677109,0.510796,0,0,0,25,0,0,4,1,1
0.8898008347677109,0.510169,11,0,0,52,0,0,0,1,0
0.8898008347677109,0.509148,85,0,0,1,0,1,3,0,0
0.8900962110048045,0.315181,11,1,1,0,0,0,10,1,0
0.8900962110048045,0.313601,11,1,1,0,1,1,10,1,0
0.8900962110048045,0.313571,11,1,1,10,0,0,10,1,0
0.8898008347677109,0.507724,21,0,0,0,0,0,2,0,0
0.8900962110048045,0.314183,11,1,1,0,0,1,9,1,0
0.8900962110048045,0.31739,11,1,1,0,0,1,5,1,0
0.8900962110048045,0.31382,27,1,1,0,0,1,13,1,0
0.8898008347677109,0.507866,20,0,0,0,0,0,4,0,0
0.8898008347677109,0.509185,158,0,0,0,0,0,0,0,0
0.8900962110048045,0.314475,191,1,1,55,0,0,5,1,0
0.8900962110048045,0.330421,137,1,0,14,1,0,1,0,1
0.8915011047262751,0.385832,47,1,0,1,0,0,8,0,0
0.8899355343297431,0.519103,14,0,1,0,0,0,4,0,0
0.8899355343297431,0.519332,14,0,1,1,0,1,6,0,0
0.8898008347677109,0.513614,47,0,0,0,0,0,10,0,0
0.8900962110048045,0.314104,11,1,1,1,0,1,16,1,0
0.8900962110048045,0.315519,12,1,1,0,0,1,10,1,0
0.8900962110048045,0.320397,11,1,1,0,0,1,7,1,0
0.8900962110048045,0.313372,12,1,1,0,0,1,11,1,0
0.8899144054819162,0.518704,11,1,0,0,0,1,10,1,0
0.8900962110048045,0.315168,11,1,1,0,1,1,10,1,0
0.8900962110048045,0.318426,11,1,1,0,0,1,10,0,0
0.8899144054819162,0.510401,11,1,0,0,0,1,10,1,0
0.8898008347677109,0.508818,165,0,0,28,0,1,0,1,1
0.8898450612241899,0.52076,8,1,0,8,0,0,0,0,1
0.8898008347677109,0.511847,3,0,0,0,0,0,0,1,0
0.8913559045087083,0.365726,53,1,0,5,0,1,22,0,1
0.8900962110048045,0.319611,11,1,1,0,0,1,9,1,0
0.8900962110048045,0.315722,5,1,1,1,0,1,10,1,0
0.8900962110048045,0.314193,15,1,1,0,0,1,17,1,0
0.8900962110048045,0.314512,11,1,1,1,0,1,6,1,0
0.8898008347677109,0.515976,55,0,0,0,0,1,5,0,0
0.8898008347677109,0.516281,17,0,0,0,0,1,6,0,0
0.8898008347677109,0.509054,28,0,0,1,0,0,5,0,0
0.8900132485255947,0.508159,14,1,0,1,0,0,10,0,0
0.8900962110048045,0.315548,11,1,1,0,1,1,10,1,0
0.8900962110048045,0.31469,105,1,1,4,0,1,10,0,0
0.8900962110048045,0.315751,11,1,1,11,0,1,10,1,0
0.8900962110048045,0.3175,0,1,1,0,0,1,10,1,0
0.8900962110048045,0.313188,11,1,1,1,0,1,10,1,0
0.8899144054819162,0.512608,11,1,0,0,0,1,10,1,0
0.8900962110048045,0.319966,8,1,1,0,0,1,7,1,0
0.8900962110048045,0.316662,6,1,1,0,0,1,6,1,0
0.8898008347677109,0.509152,6,0,0,1,0,1,0,0,0
0.8900962110048045,0.33749,0,0,1,10,1,1,0,0,0
0.8896367985408172,0.544596,62,0,1,0,0,0,11,0,1
0.8900962110048045,0.343777,110,1,0,0,0,1,13,0,0
0.8895160310138723,0.545632,26,0,1,1,0,0,8,1,0
0.8900074696868607,0.527764,11,0,1,0,0,1,10,1,0
0.8900962110048045,0.315259,11,1,1,0,0,1,1,1,0
0.8893206320541247,0.539503,45,0,1,0,0,1,10,1,0
0.8898008347677109,0.522716,26,0,0,0,0,0,5,0,0
0.8900962110048045,0.316261,11,1,1,0,0,1,5,1,0
0.8900962110048045,0.319811,9,1,1,1,0,1,10,1,0
0.8900962110048045,0.315052,26,1,1,2,0,1,24,1,0
0.8898008347677109,0.511795,26,0,0,0,0,0,6,0,0
0.8898008347677109,0.521201,0,0,0,0,0,1,0,0,0
0.8898008347677109,0.534343,0,1,0,1,1,0,0,0,1
0.8898008347677109,0.511529,12,0,0,1,1,1,1,0,1
0.8898008347677109,0.518395,86,0,0,0,0,0,6,0,0
0.8899144054819162,0.51178,11,1,0,0,0,1,24,1,0
0.8900962110048045,0.316976,11,1,1,0,1,1,10,1,0
0.8900074696868607,0.504256,11,0,1,0,0,1,10,1,0
0.8900962110048045,0.314513,28,1,1,0,0,1,6,1,0
0.8900962110048045,0.314177,3,1,1,0,0,1,10,0,0
0.8900962110048045,0.320367,9,1,1,0,0,1,10,1,0
0.8900962110048045,0.32778,11,1,1,0,0,1,6,1,0
0.8898008347677109,0.515299,47,0,0,0,0,0,6,0,0
0.8913503508786018,0.429248,37,1,0,6,0,0,22,0,0
0.8898008347677109,0.515973,160,0,0,72,0,0,14,0,0
0.8898008347677109,0.517649,0,0,0,17,0,0,2,1,1
0.8898008347677109,0.51168,131,0,0,0,0,0,13,0,0
0.8900962110048045,0.315444,0,1,1,0,0,1,10,1,0
0.8900962110048045,0.31557,13,1,1,0,0,1,10,1,0
0.8900962110048045,0.327695,11,1,1,0,1,1,0,1,0
0.8898008347677109,0.509358,63,0,0,0,0,0,9,0,0
0.8900962110048045,0.318042,11,1,1,0,0,1,11,1,0
0.8900962110048045,0.317086,17,1,1,0,0,1,10,1,0
0.8900962110048045,0.314561,11,1,1,0,0,1,8,1,0
0.8898008347677109,0.507993,131,0,0,0,0,0,9,0,0
0.8900962110048045,0.335873,0,0,1,35,0,0,11,0,0
0.8900962110048045,0.3163,7,1,1,3,1,0,13,0,0
0.8900962110048045,0.314998,0,1,1,12,0,0,1,0,0
0.8898008347677109,0.507725,67,0,0,0,0,0,8,0,0
0.8900962110048045,0.321942,11,1,1,0,0,1,10,0,0
0.8900962110048045,0.314534,0,1,1,0,1,1,10,1,0
0.8900962110048045,0.315709,11,1,1,0,0,1,10,0,0
0.8898008347677109,0.512985,19,0,0,0,0,0,13,0,0
0.8900962110048045,0.316127,11,1,1,0,0,1,7,1,0
0.8900962110048045,0.32124,11,1,1,0,0,0,10,1,0
0.8900074696868607,0.505846,11,0,1,0,0,1,12,1,0
0.8898008347677109,0.507448,27,0,0,0,0,0,10,0,0
0.8898008347677109,0.51728,125,0,0,1,0,0,7,1,0
0.8893286820736983,0.55499,33,0,1,29,1,0,0,1,0
0.8896367985408172,0.543223,62,0,1,3,0,0,14,1,0
0.8898008347677109,0.511354,23,0,0,0,0,0,14,0,0
0.8899144054819162,0.515165,11,1,0,0,0,1,10,1,0
0.8900962110048045,0.319466,11,1,1,9,0,1,10,1,0
0.8900962110048045,0.314944,11,1,1,14,0,1,10,1,0
0.8898008347677109,0.554286,29,0,0,0,0,0,11,0,0
0.8900962110048045,0.314672,11,1,1,0,0,1,7,1,0
0.8900962110048045,0.314327,7,1,1,0,0,1,10,1,0
0.8900962110048045,0.31375,6,1,1,0,0,1,6,1,0
0.891472186848629,0.398209,41,1,0,0,0,0,7,0,0
0.8898008347677109,0.509881,31,0,0,0,0,0,8,0,0
0.8898008347677109,0.515564,49,0,0,0,0,0,7,0,0
0.8905229167139779,0.472334,23,1,0,0,0,0,8,0,0
0.8897912393423391,0.525455,80,0,1,100,0,0,0,0,0
0.8898008347677109,0.513704,0,0,0,18,1,0,8,0,0
0.8898008456094615,0.531099,1,1,0,5,0,0,2,0,0
0.8900962110048045,0.315983,0,1,1,52,1,0,7,0,0
0.8900962110048045,0.315239,43,1,1,0,0,1,10,0,0
0.8900962110048045,0.315489,11,1,1,14,0,1,10,1,0
0.8900962110048045,0.31533,12,1,1,0,0,0,10,1,0
0.8900074696868607,0.507788,11,0,1,0,0,1,10,1,0
0.8900962110048045,0.313763,11,1,1,0,0,1,6,1,0
0.8900962110048045,0.321111,7,1,1,0,0,1,10,1,0
0.8900962110048045,0.313204,10,1,1,0,0,1,8,1,0
0.8900962110048045,0.319717,26,1,1,0,0,1,10,1,0
0.8898008347677109,0.512967,32,0,0,0,0,0,6,0,0
0.8898008347677109,0.507534,48,0,0,0,0,0,8,0,0
0.8898008347677109,0.523083,31,0,0,0,0,0,6,0,0
0.8898008347677109,0.509065,41,0,0,0,0,0,8,0,0
0.8898008347677109,0.532374,0,1,0,26,0,0,5,1,0
0.8898008347677109,0.51116,27,0,0,25,1,0,5,1,1
0.8899144054819162,0.510833,11,1,0,8,0,0,0,1,0
0.8900962110048045,0.332607,158,1,0,100,0,0,26,1,0
0.8900962110048045,0.31574,11,1,1,0,0,0,10,1,0
0.8900074696868607,0.50811,11,0,1,0,1,1,5,1,0
0.8900962110048045,0.3157,0,1,1,3,0,1,10,1,0
0.8900962110048045,0.315164,11,1,1,0,0,1,10,0,0
0.8898450612241899,0.526093,8,1,0,0,0,1,10,1,0
0.8900962110048045,0.317399,11,1,1,0,0,1,9,1,0
0.8900962110048045,0.313813,11,1,1,1,0,1,10,1,0
0.8900962110048045,0.317635,2,1,1,0,0,1,19,1,0
0.8898008347677109,0.513307,41,0,0,0,0,0,6,0,0
0.8900962110048045,0.314723,191,1,1,55,0,0,26,1,0
0.8900962110048045,0.331193,137,1,0,14,0,0,1,0,1
0.8898008347677109,0.518387,165,0,0,28,0,1,0,1,0
0.8898008347677109,0.51162,48,0,0,0,0,0,9,0,0
0.8900962110048045,0.314353,11,1,1,0,0,1,15,1,0
0.8900962110048045,0.314176,11,1,1,2,0,1,10,1,0
0.8900962110048045,0.313988,11,1,1,1,0,1,10,1,0
0.8899144054819162,0.51622,11,1,0,0,0,1,10,1,0
0.8900962110048045,0.314557,11,1,1,0,0,1,10,0,0
0.8900962110048045,0.314641,11,1,1,0,0,1,10,1,1
0.8900962110048045,0.31458,11,1,1,0,1,1,10,1,0
0.8898008347677109,0.511116,42,0,0,0,0,0,8,0,0
0.8898299273179793,0.525042,7,1,0,8,0,0,0,0,1
0.8898008347677109,0.510423,3,0,0,15,0,1,0,1,0
0.8913559045087083,0.364647,53,1,0,5,0,0,22,0,0
0.8898008347677109,0.508469,23,0,0,0,0,0,7,0,0
0.8900962110048045,0.315191,3,1,1,0,0,1,10,1,0
0.8900962110048045,0.318553,6,1,1,1,0,1,10,1,0
0.8900962110048045,0.314061,23,1,1,0,0,1,16,1,0
0.8898008347677109,0.507487,30,0,0,0,0,0,7,0,0
0.8900962110048045,0.313694,11,1,1,0,0,1,0,1,0
0.8899144054819162,0.517146,11,1,0,0,0,1,10,1,0
0.8900074696868607,0.505303,11,0,1,0,0,1,10,1,0
0.8898008347677109,0.508866,28,0,0,0,0,0,9,0,0
0.8898008347677109,0.510634,1,0,0,1,0,1,0,0,0
0.8898008347677109,0.528615,0,1,0,10,1,1,0,0,0
0.8900962110048045,0.316238,62,1,1,100,0,0,26,0,1
0.8898008347677109,0.509085,32,0,0,0,0,0,8,0,0
0.8900962110048045,0.317987,7,1,1,0,0,1,10,1,0
0.8900962110048045,0.315872,6,1,1,0,0,1,6,1,0
0.8900962110048045,0.315851,11,1,1,0,0,1,18,1,0
0.8913895424485281,0.418755,38,1,0,0,0,0,7,0,0
0.8909218469485394,0.444934,29,1,0,0,0,0,7,0,0
0.8898008347677109,0.50734,33,0,0,0,0,0,7,0,0
0.8898008347677109,0.510757,42,0,0,0,0,0,7,0,0
0.8900962110048045,0.313405,11,1,1,0,0,1,11,1,0
0.8900962110048045,0.328561,11,1,1,0,0,1,10,1,1
0.8900983389354216,0.3283,93,1,0,0,0,1,10,1,0
0.8900962110048045,0.31458,11,1,1,27,0,0,10,1,0
0.8900962110048045,0.340111,110,1,0,0,0,1,13,0,1
0.8898008347677109,0.509744,200,0,0,0,0,1,0,0,0
0.8898008347677109,0.537221,0,1,0,0,1,0,0,0,1
0.8898008347677109,0.510069,0,0,0,1,1,1,1,1,1
0.8900962110048045,0.313293,12,1,1,0,0,1,10,1,0
0.8900962110048045,0.313748,11,1,1,0,0,1,21,1,0
0.8900962110048045,0.313307,16,1,1,1,0,1,10,1,0
0.8900962110048045,0.317871,11,1,1,0,0,1,12,1,0
0.8898008347677109,0.508925,38,0,0,0,0,0,7,0,0
0.8898008347677109,0.512673,39,0,0,0,0,0,7,0,0
0.8898008347677109,0.50817,34,0,0,0,0,0,6,0,0
0.8898008347677109,0.506475,38,0,0,0,0,0,6,0,0
0.8900074696868607,0.505413,11,0,1,0,1,1,11,1,0
0.8900962110048045,0.31378,139,1,1,0,0,1,0,1,0
0.8900962110048045,0.314556,1,1,1,70,0,1,10,1,0
0.8900074696868607,0.503516,11,0,1,0,0,1,10,1,0
0.8913503508786018,0.421659,37,1,0,1,0,0,1,0,0
0.8898008347677109,0.515949,160,0,0,72,0,0,26,0,0
0.8898008347677109,0.509445,0,0,0,16,0,0,2,0,1
0.8898008347677109,0.52121,0,0,0,35,0,0,11,0,0
0.8900962110048045,0.324483,12,1,1,0,0,1,10,1,0
0.8900962110048045,0.3144,30,1,1,0,0,1,10,1,0
0.8900962110048045,0.331127,14,1,1,0,0,1,8,1,0
0.8900962110048045,0.327669,11,1,1,1,0,1,12,1,0
0.8898008347677109,0.514352,31,0,0,0,0,0,7,0,0
0.8899144054819162,0.51077,11,1,0,0,0,1,10,0,0
0.8900962110048045,0.314995,22,1,1,0,0,1,10,0,0
0.8899144054819162,0.510749,11,1,0,0,0,1,10,1,0
0.8898008347677109,0.50842,37,0,0,0,0,0,7,0,0
0.8898299273179793,0.523136,7,1,0,3,1,0,13,0,0
0.8900962110048045,0.338336,0,0,1,12,0,0,1,1,0
0.8900962110048045,0.313698,53,1,1,36,0,0,7,1,1
0.8898008347677109,0.509923,26,0,0,0,0,0,7,0,0
0.8900074696868607,0.538863,11,0,1,0,0,1,10,1,0
0.8900962110048045,0.317998,11,1,1,1,0,1,10,1,0
0.8900962110048045,0.314259,11,1,1,0,0,1,5,1,0
0.8913503508786018,0.4158,37,1,0,0,0,0,7,0,0
0.8911056049677402,0.436673,32,1,0,0,0,0,7,0,0
0.8898008347677109,0.508756,37,0,0,0,0,0,6,0,0
0.8898008347677109,0.512879,34,0,0,0,0,0,7,0,0
0.8900962110048045,0.314074,11,1,1,0,1,0,10,1,0
0.8900962110048045,0.315182,11,1,1,0,0,1,4,1,0
0.8900962110048045,0.31746,11,1,1,0,0,1,5,1,0
0.8899144054819162,0.53149,11,1,0,1,0,0,10,1,0
0.8893286820736983,0.546507,33,0,1,7,0,0,0,0,0
0.8896367985408172,0.536263,62,0,1,1,1,0,14,0,1
0.8900946766437771,0.460564,3,0,1,2,0,0,0,0,0
0.8898008347677109,0.528099,0,1,0,18,1,0,13,0,1
0.8900074696868607,0.506615,11,0,1,0,0,1,10,1,0
0.8900962110048045,0.328416,11,1,1,0,0,1,8,1,0
0.8900962110048045,0.317496,11,1,1,2,0,1,10,1,0
0.8900962110048045,0.314062,11,1,1,0,0,1,8,1,0
0.8898008347677109,0.507498,35,0,0,0,0,0,6,0,0
0.8898008347677109,0.506534,36,0,0,0,0,0,7,0,0
0.8900962110048045,0.313337,11,1,1,0,0,1,10,0,0
0.8900962110048045,0.316776,11,1,1,0,1,1,10,1,0
0.8898008347677109,0.507559,1,0,0,0,0,0,8,0,0
0.8898008347677109,0.531313,0,1,0,100,1,0,7,0,0
0.8898008347677109,0.530646,58,0,0,26,0,0,5,1,0
0.8898008347677109,0.512324,0,0,0,3,0,0,4,0,1
0.8898008347677109,0.512096,0,0,0,0,0,1,0,0,1
0.889786460210686,0.527856,78,0,1,1,0,1,10,0,0
0.8898008347677109,0.507536,187,0,0,52,0,0,25,1,1
0.8898008347677109,0.511303,0,0,0,24,0,0,15,0,1
0.8900962110048045,0.315207,2,1,1,27,0,0,0,1,0
0.8898008347677109,0.509151,187,0,0,52,0,0,0,1,1
0.8898008347677109,0.508734,187,0,0,52,0,1,25,1,1
0.8900962110048045,0.316235,21,1,1,0,0,0,7,0,0
0.8900962110048045,0.321391,2,1,1,42,0,0,0,1,0
0.8900962110048045,0.315795,1,1,1,22,0,0,0,1,0
0.8900962110048045,0.317645,0,1,1,27,0,0,1,1,0
0.8900962110048045,0.314821,2,1,1,47,0,0,0,1,0
0.8900962110048045,0.31338,2,1,1,45,0,0,0,1,0
0.8900962110048045,0.314162,6,1,1,47,0,0,0,1,0
0.8900962110048045,0.317537,4,1,1,47,0,0,0,1,0
0.8900962110048045,0.314186,2,1,1,21,0,0,0,1,0
0.889551375581642,0.545677,25,0,1,32,1,0,2,0,1
0.8900962110048045,0.336504,0,0,1,0,1,0,25,1,0
0.8900958912921306,0.473642,2,0,1,38,1,0,14,0,0
0.8898008347677109,0.514693,2,0,0,11,0,1,1,1,0
0.8900962110048045,0.324749,2,1,1,39,0,0,0,1,0
0.8900962110048045,0.317011,7,1,1,38,0,0,0,1,0
0.8900962110048045,0.318432,4,1,1,45,0,0,1,1,0
0.8900962110048045,0.323071,2,1,1,75,0,0,0,1,0
0.8900983389354216,0.337813,93,1,0,9,0,0,0,0,0
0.8900962110048045,0.32596,111,1,1,52,0,0,21,0,0
0.8898012099091639,0.532987,2,1,0,10,0,0,2,0,1
0.8900724770964357,0.481312,7,0,1,2,1,0,7,1,0
0.8900962110048045,0.316351,2,1,1,55,0,0,0,1,0
0.8900962110048045,0.317467,1,1,1,45,0,0,0,1,0
0.8900962110048045,0.3135,2,1,1,85,0,0,0,1,0
0.8900962110048045,0.313394,2,1,1,26,0,0,0,1,0
0.8900962110048045,0.324483,0,1,1,45,0,0,0,1,0
0.8900962110048045,0.314564,0,1,1,45,0,0,0,1,0
0.8900962110048045,0.315615,6,1,1,51,0,0,0,1,0
0.8900962110048045,0.318857,0,1,1,45,0,0,0,1,0
0.8898012099091639,0.528053,2,1,0,45,0,0,0,1,0
0.8898012099091639,0.530811,2,1,0,0,0,0,0,1,0
0.8900962110048045,0.315409,18,1,1,45,0,0,0,1,0
0.8900962110048045,0.314388,3,1,1,45,0,0,0,1,0
0.8898008347677109,0.518996,93,0,0,33,0,1,0,0,0
0.8898008347677109,0.512572,4,0,0,0,0,0,10,0,1
0.8900962017316811,0.454772,1,0,1,97,0,0,18,1,0
0.8898008347677109,0.516996,13,0,0,87,1,1,0,1,1
0.8893062170561068,0.544003,44,0,1,56,0,0,0,0,0
0.8897472098759563,0.530352,71,0,1,0,0,1,0,0,0
0.8898008347677109,0.51185,0,0,0,1,0,1,13,0,1
0.8900962110048045,0.316607,2,1,1,45,0,0,0,0,0
0.8900962110048045,0.315025,2,1,1,45,0,0,1,1,0
0.8898026481971604,0.535881,3,1,0,45,0,0,0,1,0
0.8900962110048045,0.315634,5,1,1,45,0,0,0,1,0
0.8900962110048045,0.317164,2,1,1,99,0,0,0,1,0
0.8898008347677109,0.506682,0,0,0,0,0,0,26,0,0
0.8897316448134209,0.53437,20,0,1,87,0,0,21,0,0
0.8898008347677109,0.509025,0,0,0,0,0,1,0,0,0
0.8898008347677109,0.531327,72,0,0,10,0,0,9,0,0
0.8900962110048045,0.316727,1,1,1,45,0,0,0,1,0
0.8900962110048045,0.313932,2,1,1,45,0,0,26,1,0
0.8898008347677109,0.512154,57,0,0,45,0,0,0,1,0
0.8898012099091639,0.545863,2,1,0,45,0,0,0,1,0
0.8900962110048045,0.315022,1,1,1,45,0,0,0,1,0
0.8900962110048045,0.314209,4,1,1,90,0,0,0,1,0
0.8900962017316811,0.461715,1,0,1,45,0,0,0,1,0
0.8900962110048045,0.315093,3,1,1,21,0,0,0,1,0
0.8898008347677109,0.507168,2,0,0,1,0,0,9,0,0
0.8898008347677109,0.508482,124,0,0,96,0,0,1,0,0
0.8895299657736584,0.53656,56,0,1,5,0,1,12,0,0
0.8898382744663922,0.526831,17,0,1,8,1,0,0,1,0
0.8900962110048045,0.335609,102,1,0,22,0,0,4,0,0
0.8894195201416591,0.547284,29,0,1,12,0,0,12,0,0
0.8898008347677109,0.515417,10,0,0,35,0,0,18,0,0
0.8898008347677109,0.5068,10,0,0,9,0,0,17,0,0
0.8900962110048045,0.317175,2,1,1,45,0,0,0,0,0
0.8900962110048045,0.317701,7,1,1,45,0,0,0,1,0
0.8900962110048045,0.314352,1,1,1,27,0,0,1,1,0
0.8900962110048045,0.318462,2,1,1,79,0,0,1,1,0
0.8898012099091639,0.53341,2,1,0,20,0,0,0,1,0
0.8900962110048045,0.31703,2,1,1,45,0,0,14,1,0
0.8900962110048045,0.314612,0,1,1,45,0,0,0,1,0
0.8898008347677109,0.531728,128,0,1,45,0,0,0,1,0
0.8898008347677109,0.51455,10,0,0,6,0,0,4,0,0
0.8898008347677109,0.513659,24,0,0,85,0,1,2,1,1
0.8898008347677109,0.507661,71,0,0,10,0,0,2,0,0
0.8898007788037094,0.531068,93,0,1,9,0,0,15,0,0
0.8900962110048045,0.317344,2,1,1,62,0,0,0,1,0
0.8900962110048045,0.317932,2,1,1,56,0,0,0,1,0
0.8900962110048045,0.315427,1,1,1,45,0,0,0,1,0
0.8900962110048045,0.319932,1,1,1,45,0,0,0,1,0
0.8900962110048045,0.321378,11,1,1,15,0,1,0,0,1
0.8898002739749947,0.530091,89,0,1,6,0,0,4,0,0
0.8898008347677109,0.519617,3,0,0,62,0,0,4,0,0
0.8898008347677109,0.525355,104,0,1,0,1,1,0,0,0
0.8898012099091639,0.532694,2,1,0,45,0,1,0,1,0
0.8900962110048045,0.319433,2,1,1,45,0,0,0,0,0
0.8900962110048045,0.315353,2,1,1,45,0,0,0,0,0
0.8900962110048045,0.318118,2,1,1,45,0,1,0,1,0
0.8901560125050647,0.497331,17,1,0,23,0,0,7,0,0
0.8897385147072384,0.529397,70,0,1,54,0,0,4,0,0
0.8900962110048045,0.316027,1,1,1,45,0,0,0,1,0
0.8900962110048045,0.314654,3,1,1,45,0,0,0,1,0
0.8900458235336431,0.495054,9,0,1,59,0,0,7,0,1
0.8898008347677109,0.508741,55,0,0,34,0,0,5,0,0
0.8896959022647639,0.528677,66,0,1,28,1,0,3,0,1
0.8892875536718635,0.540787,42,0,1,36,0,0,0,0,0
0.8900962110048045,0.322779,1,1,1,25,0,0,0,1,0
0.8900962110048045,0.315922,2,1,1,55,0,0,1,1,0
0.8900962110048045,0.31539,3,1,1,45,0,0,0,1,0
0.8900962110048045,0.313281,2,1,1,33,0,0,0,1,0
0.8900962110048045,0.315012,3,1,1,33,0,0,0,1,0
0.8900962110048045,0.319728,2,1,1,24,0,0,0,1,0
0.8900962110048045,0.320685,2,1,1,26,0,0,0,1,0
0.8900962110048045,0.314652,1,1,1,50,0,0,0,1,0
0.8900962110048045,0.321,0,1,1,33,0,0,0,1,0
0.8900962110048045,0.31548,6,1,1,33,0,0,0,1,0
0.8900962110048045,0.313939,2,1,1,79,0,0,0,1,0
0.8900958912921306,0.453847,2,0,1,33,0,0,0,1,0
0.8900962110048045,0.314111,1,1,1,28,0,0,1,1,0
0.8900962110048045,0.326507,2,1,1,33,0,0,0,1,1
0.8900962110048045,0.327332,2,1,1,36,0,0,0,1,0
0.8900962110048045,0.315709,2,1,1,34,0,0,0,1,0
0.8900962110048045,0.32248,2,1,1,60,0,0,0,1,0
0.8900962110048045,0.316151,2,1,1,24,0,0,0,1,0
0.8900962110048045,0.314735,2,1,1,44,0,0,0,1,0
0.8900962110048045,0.314584,1,1,1,28,0,0,0,1,0
0.8900962110048045,0.319606,3,1,1,29,0,0,0,1,0
0.8900962110048045,0.326391,2,1,1,70,0,0,0,1,0
0.8900962110048045,0.326253,1,1,1,33,0,0,0,1,0
0.8900962110048045,0.317011,2,1,1,42,0,0,0,1,0
0.8900962110048045,0.313382,2,1,1,35,0,0,0,1,0
0.8900962110048045,0.318901,1,1,1,33,0,0,0,1,0
0.8900962110048045,0.314849,2,1,1,27,0,0,0,1,0
0.8900958912921306,0.452665,2,0,1,33,0,0,0,1,0
0.8900962110048045,0.313352,3,1,1,13,0,0,0,1,0
0.8900962110048045,0.313708,4,1,1,33,0,0,1,1,0
0.8900962110048045,0.315277,2,1,1,38,0,0,0,1,0
0.8900962110048045,0.31941,2,1,1,23,0,0,0,1,0
0.8900962110048045,0.314366,2,1,1,8,0,0,0,1,0
0.8900958912921306,0.453646,2,0,1,33,0,0,0,1,0
0.8898012099091639,0.528514,2,1,0,33,0,0,0,1,0
0.8898012099091639,0.52964,2,1,0,33,0,0,0,1,0
0.8898008347677109,0.524456,45,0,0,24,0,0,7,0,0
0.8900962110048045,0.313499,1,1,1,33,0,0,0,1,0
0.8900962110048045,0.318984,2,1,1,84,0,0,0,1,0
0.8900962110048045,0.318652,2,1,1,57,0,0,0,1,0
0.8900962110048045,0.329271,106,1,0,34,0,0,9,0,0
0.8915112399530635,0.388144,44,1,0,35,0,0,12,0,0
0.8898008347677109,0.509939,34,0,0,22,0,0,19,0,0
0.8898008347677109,0.515893,34,0,0,18,0,0,9,0,0
0.8898008347677109,0.512739,0,0,0,18,0,0,2,1,1
0.8900962110048045,0.33199,155,1,0,52,1,1,3,0,0
0.8898008347677109,0.508069,33,0,0,97,0,0,1,1,0
0.8911646654070444,0.434741,33,1,0,0,0,0,1,0,0
0.8900962110048045,0.314362,1,1,1,50,0,0,0,1,0
0.8900962110048045,0.315639,2,1,1,34,0,0,0,1,0
0.8900962110048045,0.31605,2,1,1,14,0,0,0,1,0
0.8900962110048045,0.317625,2,1,1,24,0,0,0,1,0
0.8898008347677109,0.507231,138,0,0,33,0,0,0,1,0
0.8900958912921306,0.454292,2,0,1,33,0,0,0,1,1
0.8900962110048045,0.315061,2,1,1,33,0,0,0,0,0
0.8900958912921306,0.463525,2,0,1,33,0,0,15,1,0
0.8898008347677109,0.511453,34,0,0,43,0,0,19,0,0
0.8898000449598336,0.539632,88,0,1,53,0,0,9,0,0
0.8898008347677109,0.528088,99,0,1,18,0,0,9,0,0
0.8898008347677109,0.536945,102,0,1,22,0,0,18,0,0
0.8900962110048045,0.31428,3,1,1,33,0,0,0,1,0
0.8900962110048045,0.318412,3,1,1,33,0,0,0,1,0
0.8900962110048045,0.315958,1,1,1,33,0,0,0,1,0
0.8900962110048045,0.320868,2,1,1,10,0,0,0,1,0
0.8898008347677109,0.535211,0,0,0,8,1,0,25,0,0
0.8913559045087083,0.360727,53,1,0,2,0,1,2,1,0
0.8900958912921306,0.457404,2,0,1,27,0,0,6,1,0
0.8900962110048045,0.316364,21,1,1,1,0,0,0,1,0
0.8900962110048045,0.321751,2,1,1,33,0,0,0,0,0
0.8898008347677109,0.520268,2,0,0,0,0,0,0,1,0
0.8898012099091639,0.543881,2,1,0,33,0,0,0,1,0
0.8898012099091639,0.536191,2,1,0,33,0,0,0,1,0
0.8900962110048045,0.314841,2,1,1,51,0,0,0,1,0
0.8900962110048045,0.314256,12,1,1,33,0,0,0,1,0
0.8900962110048045,0.316752,2,1,1,10,0,0,0,1,0
0.8900962110048045,0.320212,2,1,1,40,0,0,0,1,0
0.8895509398506904,0.544142,57,0,1,25,0,0,16,0,0
0.8898008347677109,0.510479,25,0,0,32,1,0,2,0,1
0.8898008347677109,0.507017,0,0,0,0,1,0,25,1,0
0.8900958912921306,0.453671,2,0,1,38,0,0,14,1,0
0.8898008347677109,0.515559,77,0,0,43,0,0,8,0,0
0.8900962110048045,0.315733,1,1,1,52,0,0,0,1,0
0.8900962110048045,0.315403,2,1,1,10,0,0,0,1,0
0.8900962110048045,0.32777,2,1,1,52,0,0,0,1,0
0.8898008347677109,0.511547,70,0,0,36,0,0,10,0,0
0.8900962110048045,0.316475,2,1,1,33,0,0,0,1,1
0.8900958912921306,0.476872,2,0,1,33,0,0,0,1,0
0.8898012099091639,0.551963,2,1,0,33,0,0,0,1,0
0.8898008347677109,0.516119,35,0,0,10,0,0,26,0,0
0.8898008347677109,0.507143,41,0,0,11,0,1,1,1,0
0.8898007788037094,0.525441,93,0,1,33,0,0,0,0,1
0.8898008347677109,0.507832,4,0,0,0,0,0,1,0,1
0.8898008347677109,0.51099,48,0,0,18,0,0,18,0,0
0.8900962110048045,0.313438,3,1,1,33,0,0,0,1,0
0.8900962110048045,0.313599,0,1,1,33,0,0,0,1,0
0.8900962110048045,0.31442,0,1,1,33,0,0,0,1,0
0.8898008347677109,0.521413,21,0,0,45,0,0,8,0,0
0.8900962110048045,0.327241,2,1,1,33,1,0,0,1,0
0.8900962110048045,0.3293,2,1,1,33,0,0,8,1,0
0.8900962110048045,0.319545,2,1,1,0,0,0,0,1,0
0.8898008347677109,0.51716,36,0,0,36,0,0,11,0,0
0.8900962110048045,0.333563,0,0,1,97,0,0,18,1,1
0.8899729883863325,0.511834,13,1,0,87,1,0,0,0,1
0.8897316448134209,0.564819,20,0,1,87,0,0,2,0,0
0.8898008347677109,0.556305,17,0,0,74,0,0,26,0,0
0.8900962110048045,0.314584,2,1,1,88,0,0,0,1,0
0.8900962110048045,0.315881,2,1,1,94,0,0,0,1,0
0.8900962110048045,0.317801,2,1,1,49,0,0,0,1,0
0.8900962110048045,0.313479,2,1,1,69,0,0,0,1,0
0.8898012099091639,0.527979,2,1,0,33,0,0,0,1,0
0.8900962110048045,0.317716,2,1,1,18,0,0,0,1,0
0.8900958912921306,0.457322,2,0,1,33,0,0,0,1,0
0.8898008347677109,0.506007,74,0,0,23,0,0,11,0,0
0.8900962110048045,0.323603,2,1,1,39,0,0,0,1,0
0.8900962110048045,0.320788,2,1,1,43,0,0,0,1,0
0.8900962017316811,0.448325,1,0,1,33,0,0,0,1,0
0.8898008347677109,0.508664,114,0,0,21,0,0,18,0,0
0.8898012099091639,0.529402,2,1,0,0,0,1,26,0,0
0.8898008347677109,0.509196,72,0,0,10,0,1,9,0,0
0.8898008347677109,0.511906,0,0,0,96,0,0,1,0,0
0.8898008347677109,0.51073,78,0,0,25,0,0,15,0,0
0.8900962110048045,0.315895,2,1,1,33,1,0,8,1,0
0.8900962110048045,0.313912,2,1,1,33,0,0,0,0,0
0.8900962110048045,0.356386,2,1,1,33,1,0,0,1,0
0.8900962110048045,0.33196,108,1,0,42,0,0,14,0,0
0.8905649676479381,0.336621,70,1,0,43,0,0,16,0,0
0.8898008347677109,0.511439,91,0,0,35,0,0,15,0,0
0.8898008347677109,0.512233,62,0,0,34,0,0,20,0,0
0.8900962110048045,0.314861,4,1,1,33,0,0,0,1,0
0.8900962110048045,0.318972,0,1,1,33,0,0,0,1,0
0.8900962110048045,0.32146,0,1,1,33,0,0,0,1,0
0.8900962110048045,0.318423,0,1,1,33,0,0,0,1,0
0.8895299657736584,0.538671,56,0,1,5,0,1,12,0,1
0.8900962110048045,0.336579,0,0,1,8,1,1,0,1,0
0.8898008347677109,0.513322,10,0,0,85,0,0,2,0,1
0.8900962110048045,0.354607,187,1,0,10,0,0,2,0,0
0.8900962110048045,0.319342,11,1,1,11,0,0,0,1,0
0.8900962110048045,0.317689,46,1,1,33,0,0,3,1,0
0.8898012099091639,0.531639,2,1,0,22,0,0,0,1,0
0.8900958912921306,0.451706,2,0,1,33,0,0,0,1,0
0.8898008347677109,0.513133,73,0,0,31,0,0,19,0,0
0.8898008347677109,0.509216,62,0,0,47,0,0,20,0,0
0.8898008347677109,0.524355,88,0,0,43,0,0,15,0,0
0.8898008347677109,0.514447,62,0,0,31,0,0,14,0,0
0.8900962110048045,0.317253,1,1,1,30,0,0,0,1,0
0.8900962110048045,0.319352,2,1,1,25,0,0,0,1,0
0.8900962110048045,0.315915,2,1,1,17,0,0,0,1,0
0.8900962110048045,0.315205,6,1,1,33,0,0,0,1,0
0.8900962110048045,0.331787,200,1,0,15,0,1,0,0,1
0.8898008347677109,0.513038,3,0,0,20,0,0,0,1,0
0.8898008347677109,0.507179,104,0,0,0,1,1,2,0,0
0.8900458235336431,0.493447,9,0,1,59,0,0,1,0,1
0.8900962110048045,0.318817,2,1,1,71,0,0,0,1,0
0.8900962110048045,0.317493,2,1,1,0,0,0,0,1,0
0.8900962110048045,0.315216,2,1,1,33,0,0,0,1,1
0.8898012099091639,0.531989,2,1,0,12,0,0,0,1,0
0.8898008347677109,0.511975,63,0,0,43,0,0,15,0,0
0.8900962110048045,0.327642,1,1,1,33,0,0,0,1,0
0.8900962110048045,0.313925,2,1,1,40,0,0,0,1,0
0.8900958912921306,0.467074,2,0,1,33,0,0,0,1,0
0.8898008347677109,0.515105,59,0,0,35,0,0,22,0,0
0.8900958912921306,0.452376,2,0,1,28,1,0,3,0,1
0.8892875536718635,0.546016,42,0,1,100,0,0,0,1,0
0.8900962110048045,0.333778,0,0,1,18,0,0,2,1,1
0.8898008347677109,0.509963,67,0,0,37,0,0,19,0,0
0.8900962110048045,0.318929,2,1,1,35,0,0,0,1,0
0.8898008456094615,0.52965,1,1,0,28,0,0,0,1,0
0.8900962110048045,0.314687,1,1,1,33,0,0,0,1,0
0.8898008347677109,0.514574,110,0,0,61,0,0,25,0,0
0.8900962110048045,0.319097,9,1,1,33,0,0,3,1,0
0.8900962110048045,0.31469,92,1,1,33,0,1,0,1,0
0.8900962110048045,0.317387,2,1,1,33,0,0,0,0,0
0.8898008347677109,0.512173,68,0,0,35,0,0,15,0,0
0.8898008347677109,0.507523,155,0,0,52,1,1,3,0,0
0.8898008347677109,0.508812,33,0,0,100,1,0,1,1,1
0.8900962110048045,0.331979,184,1,0,0,0,0,2,0,0
0.8898008347677109,0.518955,82,0,0,61,0,0,14,0,0
0.8900962110048045,0.31338,2,1,1,20,0,0,0,1,0
0.8900962110048045,0.333975,2,1,1,36,0,0,0,1,0
0.8900962110048045,0.321883,1,1,1,33,0,0,0,1,0
0.8898008347677109,0.509397,74,0,0,35,0,0,18,0,0
0.8900958912921306,0.454727,2,0,1,20,0,0,6,1,0
0.8898012099091639,0.530832,2,1,0,33,0,0,0,1,0
0.8900962110048045,0.313943,6,1,1,64,0,0,0,1,0
0.8898008347677109,0.52784,114,0,0,55,0,0,12,0,0
0.8898008347677109,0.507934,200,0,0,20,1,0,0,0,0
0.8913559045087083,0.366803,53,1,0,9,0,1,2,1,0
0.8900962110048045,0.319186,2,1,1,16,0,1,3,0,0
0.8898008347677109,0.514435,69,0,0,37,0,0,18,0,0
0.8900962110048045,0.31309,3,1,1,15,0,0,0,1,0
0.8900962110048045,0.31337,5,1,1,22,0,0,0,1,0
0.8900962110048045,0.373187,0,1,1,33,0,0,0,1,0
0.8900946766437771,0.464373,3,0,1,15,0,0,1,1,0
0.8900962110048045,0.321391,1,1,1,15,0,0,0,1,0
0.8900962110048045,0.325536,4,1,1,15,0,0,0,1,0
0.8900962110048045,0.315105,3,1,1,33,0,0,0,1,0
0.8900962110048045,0.313922,0,1,1,15,0,0,1,1,0
0.8900962110048045,0.322648,3,1,1,16,0,0,0,1,0
0.8900962110048045,0.316085,3,1,1,51,0,0,0,1,0
0.8900962110048045,0.314774,9,1,1,15,0,0,0,1,0
0.8900962110048045,0.31527,3,1,1,32,0,0,0,1,0
0.8900962110048045,0.315415,3,1,1,16,0,0,0,1,0
0.8900962110048045,0.318026,3,1,1,31,0,0,0,1,0
0.8900962110048045,0.315956,3,1,1,28,0,0,0,1,0
0.8900962110048045,0.318332,3,1,1,11,0,0,0,1,0
0.8900962110048045,0.318534,6,1,1,15,0,0,0,1,0
0.8900962110048045,0.31506,19,1,1,15,0,0,0,1,0
0.8900962110048045,0.318564,3,1,1,47,0,0,0,1,0
0.8900962110048045,0.32034,5,1,1,16,0,0,0,1,0
0.8900962110048045,0.313484,3,1,1,15,0,0,1,1,0
0.8900962110048045,0.31377,7,1,1,15,0,0,0,1,0
0.8900962110048045,0.321338,3,1,1,16,0,0,0,0,0
0.8900962110048045,0.319119,2,1,1,15,0,0,0,1,0
0.8900962110048045,0.318252,1,1,1,11,0,0,0,1,0
0.8900962110048045,0.314166,1,1,1,15,0,0,0,1,0
0.8900962110048045,0.315143,2,1,1,15,0,0,0,1,0
0.8900962110048045,0.318103,2,1,1,15,0,0,0,1,0
0.8900962110048045,0.314225,3,1,1,29,0,0,0,1,0
0.8900962110048045,0.313268,3,1,1,8,0,0,0,1,0
0.8900962110048045,0.31433,5,1,1,7,0,0,0,1,0
0.8900962110048045,0.31379,2,1,1,18,0,0,0,1,0
0.8900962110048045,0.317888,3,1,1,22,0,0,0,1,0
0.8900962110048045,0.328546,3,1,1,12,0,0,0,1,0
0.8900962110048045,0.314597,3,1,1,21,0,0,0,1,0
0.8900962110048045,0.335621,13,1,1,15,0,0,0,1,0
0.8900962110048045,0.31597,1,1,1,15,0,0,0,1,0
0.8900962110048045,0.317511,4,1,1,11,0,0,0,1,0
0.8900962110048045,0.313993,11,1,1,15,0,0,0,1,0
0.8900962017316811,0.446051,1,0,1,11,0,0,1,0,0
0.8898008347677109,0.513646,1,0,0,5,0,0,0,1,0
0.8898008347677109,0.509665,98,0,0,51,0,0,0,0,1
0.8898008347677109,0.508503,18,0,0,0,0,0,0,1,1
0.8900958912921306,0.452932,2,0,1,35,0,0,1,0,0
0.8900962110048045,0.33236,0,0,1,11,0,0,1,0,0
0.8900962017316811,0.446741,1,0,1,11,0,0,0,0,0
0.8900958912921306,0.461532,2,0,1,11,0,0,3,0,0
0.8900962110048045,0.31459,0,1,1,11,0,0,1,0,0
0.8900962110048045,0.333192,0,0,1,11,0,1,1,0,0
0.8898008347677109,0.508952,0,0,0,11,0,0,1,0,0
0.8900962110048045,0.332293,0,0,1,60,0,0,1,0,0
0.8900962110048045,0.331664,0,0,1,14,0,0,1,0,0
0.8900962110048045,0.335607,0,1,1,12,0,0,1,0,0
0.8900962110048045,0.319031,0,1,1,14,0,0,0,0,0
0.8900962110048045,0.317349,1,1,1,11,0,0,1,0,0
0.8898008347677109,0.531884,0,1,0,11,0,0,1,0,0
0.8900962110048045,0.333448,0,0,1,11,0,0,1,0,0
0.8900962110048045,0.315062,0,1,1,4,0,0,1,0,0
0.8900962110048045,0.333325,0,0,1,11,0,0,1,0,0
0.8900962110048045,0.319544,65,1,1,19,0,0,2,0,1
0.8898008347677109,0.512875,47,0,0,10,1,1,0,0,0
0.8898008347677109,0.526681,149,0,1,1,1,0,9,0,0
0.8898008347677109,0.509763,4,0,0,3,0,1,0,0,0
0.8898008347677109,0.545216,0,1,0,11,0,0,1,0,0
0.8900962110048045,0.314774,0,1,1,0,0,0,1,0,0
0.8898008347677109,0.528068,0,1,0,11,0,0,1,0,0
0.8900962110048045,0.335528,0,0,1,11,0,0,3,0,0
0.8900962110048045,0.314332,1,1,1,11,0,0,1,0,0
0.8900962110048045,0.31387,0,1,1,9,0,0,1,0,0
0.8900962110048045,0.313781,1,1,1,11,0,0,1,0,0
0.8900962110048045,0.314779,0,1,1,14,0,0,1,0,0
0.8900962110048045,0.313617,1,1,1,11,0,0,2,0,0
0.8900962110048045,0.319779,0,1,1,11,0,0,1,0,0
0.8900962110048045,0.316874,0,1,1,23,0,0,0,0,0
0.8900962110048045,0.314724,0,1,1,11,0,0,1,0,0
0.8900962110048045,0.322958,1,1,1,15,0,0,1,0,0
0.8900962110048045,0.316027,1,1,1,25,0,0,2,0,0
0.8900962110048045,0.324761,2,1,1,11,0,0,2,0,0
0.8900962110048045,0.314868,1,1,1,13,0,0,0,0,0
0.8900962110048045,0.315993,1,1,1,10,0,0,2,0,0
0.8900962110048045,0.313475,0,1,1,11,0,0,2,0,0
0.8900962110048045,0.316049,2,1,1,11,0,0,1,0,0
0.8900962110048045,0.314979,8,1,1,11,0,1,1,0,0
0.8900962110048045,0.313828,0,1,1,20,0,0,2,0,0
0.8900962110048045,0.316059,0,1,1,25,0,0,0,0,0
0.8900962110048045,0.316121,0,1,1,11,0,0,1,0,0
0.8900962110048045,0.313901,0,1,1,11,0,0,3,0,0
0.8900962110048045,0.313511,0,1,1,10,0,0,2,0,0
0.8900962110048045,0.314095,0,1,1,7,0,1,2,0,0
0.8898008347677109,0.531871,0,1,0,11,0,0,2,0,0
0.8900962110048045,0.314393,1,1,1,11,0,0,2,0,0
0.8900962110048045,0.314092,0,1,1,26,0,0,2,0,0
0.8900962110048045,0.312998,0,1,1,24,0,0,2,0,0
0.8900962110048045,0.321201,0,1,1,10,0,0,2,0,0
0.8900962110048045,0.314054,0,1,1,14,0,0,2,0,0
0.8900962110048045,0.313851,0,1,1,24,0,0,3,0,0
0.8900962110048045,0.313844,0,1,1,24,0,0,3,0,0
0.8900962110048045,0.336923,0,0,1,24,0,0,2,0,0
0.8900962110048045,0.315764,0,1,1,28,0,0,3,0,0
0.8900962110048045,0.318475,0,1,1,34,0,0,2,0,0
0.8900962110048045,0.318746,0,1,1,17,0,0,2,0,0
0.8900962110048045,0.31473,0,1,1,62,0,0,2,0,0
0.8900962110048045,0.316312,0,1,1,15,0,0,4,0,0
0.8900962110048045,0.332557,0,1,1,19,0,0,2,0,0
0.8900962110048045,0.31505,0,1,1,24,0,0,1,0,0
0.8900962110048045,0.315359,0,1,1,24,0,0,1,0,0
0.8900962110048045,0.316191,1,1,1,24,0,0,2,0,0
0.8898008347677109,0.520409,37,0,0,2,1,0,0,0,0
0.8900962110048045,0.314582,0,1,1,63,0,0,11,1,1
0.8900962110048045,0.339803,0,0,1,3,0,0,6,0,0
0.8898008347677109,0.511084,81,0,0,7,1,0,0,1,0
0.8898008347677109,0.532347,0,1,0,24,0,0,3,0,0
0.8900962110048045,0.314783,0,1,1,24,0,0,1,0,0
0.8900962110048045,0.313413,0,1,1,46,0,0,0,0,0
0.8900962110048045,0.324457,0,1,1,19,0,0,2,0,0
0.8900962110048045,0.314747,0,1,1,18,0,0,2,0,0
0.8900962110048045,0.32173,0,1,1,26,0,0,1,0,0
0.8900962110048045,0.321187,0,1,1,19,0,0,2,0,0
0.8900962110048045,0.319028,0,1,1,13,0,0,3,0,0
0.8900962110048045,0.314524,0,1,1,32,0,0,2,0,0
0.8900962110048045,0.319061,0,1,1,89,0,0,2,0,0
0.8900962110048045,0.315207,0,1,1,17,0,0,2,0,0
0.8900962110048045,0.315681,0,1,1,13,0,0,3,0,0
0.8900962110048045,0.332515,0,0,1,24,0,0,2,0,0
0.8900962110048045,0.316429,0,1,1,5,0,0,2,0,1
0.8900962110048045,0.313741,0,1,1,0,0,0,2,0,0
0.8900962110048045,0.316176,0,1,1,24,1,0,2,0,0
0.8898008347677109,0.509838,7,0,0,40,0,0,25,0,1
0.8898008347677109,0.511922,11,0,0,3,0,0,15,1,0
0.8898008347677109,0.50884,1,0,0,3,0,1,1,1,0
0.8898008347677109,0.50725,0,0,0,1,0,0,0,1,1
0.8900962110048045,0.314839,0,1,1,6,0,0,2,0,0
0.8900962110048045,0.315288,0,1,1,19,0,0,2,0,0
0.8900962110048045,0.326073,0,1,1,24,0,0,1,0,0
0.8900962110048045,0.318364,0,1,1,11,0,0,3,0,0
0.8902044755764664,0.493543,18,1,0,8,0,1,4,0,0
0.8898008347677109,0.509672,17,0,0,0,1,1,4,0,0
0.8898008347677109,0.507055,23,0,0,0,1,0,1,1,1
0.8898008347677109,0.538525,37,0,0,0,1,0,24,0,0
0.8898008347677109,0.517375,0,0,0,63,0,0,0,0,0
0.8909797335357181,0.455421,30,1,0,8,0,1,4,0,0
0.8902044755764664,0.506857,18,1,0,8,0,1,3,0,0
0.8902044755764664,0.490677,18,1,0,10,0,1,4,0,0
0.8898008347677109,0.509211,2,0,0,15,0,0,1,0,0
0.8912770822498585,0.359493,55,1,0,28,0,1,4,0,0
0.8914252580382995,0.405504,39,1,0,7,0,1,4,0,0
0.8909797335357181,0.443711,30,1,0,8,0,1,3,0,0
0.8903984684965518,0.343523,74,1,0,7,0,1,4,0,0
0.8913559045087083,0.360091,53,1,0,8,0,1,3,0,0
0.8905769928135633,0.468343,24,1,0,7,0,1,4,0,0
0.8899380037644189,0.509635,12,1,0,4,0,1,4,0,0
0.8898008347677109,0.510757,0,0,0,13,0,0,7,0,0
0.8914252580382995,0.404848,39,1,0,8,0,1,4,0,0
0.8915115202617994,0.387569,45,1,0,13,0,1,2,0,0
0.8914252580382995,0.405253,39,1,0,14,0,1,5,0,0
0.8911056049677402,0.432851,32,1,0,13,0,1,2,0,0
0.8915115202617994,0.392041,45,1,0,30,0,1,2,0,0
0.8915115202617994,0.386411,45,1,0,13,0,1,2,0,1
0.8914252580382995,0.426281,39,1,0,13,0,1,2,0,0
0.891472186848629,0.399605,41,1,0,13,0,1,2,0,1
0.8912604668378707,0.42398,35,1,0,10,0,1,2,0,1
0.8915115202617994,0.383789,45,1,0,18,0,1,2,0,1
0.8910077163365488,0.34618,61,1,0,13,0,1,2,0,1
0.8915115202617994,0.383888,45,1,0,17,0,1,3,0,1
0.8898008347677109,0.516102,45,0,0,32,0,1,2,0,1
0.8898008347677109,0.512008,48,0,0,18,0,1,2,0,1
0.8915115202617994,0.382508,45,1,0,21,0,1,2,0,1
0.8915115202617994,0.384839,45,1,0,12,0,1,2,0,1
0.8915115202617994,0.386053,45,1,0,21,0,1,3,0,1
0.8902636781263826,0.486544,19,1,0,22,0,1,2,0,1
0.8915115202617994,0.384892,45,1,0,27,0,1,2,0,1
0.8903243865159441,0.48136,20,1,0,12,0,1,2,0,0
0.8901560125050647,0.49135,17,1,0,21,0,1,2,0,1
0.8915115202617994,0.38622,45,1,0,18,0,1,2,0,1
0.8915112399530635,0.387447,44,1,0,16,0,1,2,0,1
0.8915115202617994,0.384022,45,1,0,14,0,1,2,0,1
0.8915115202617994,0.383956,45,1,0,29,0,1,2,0,1
0.8900962110048045,0.33215,165,1,0,55,0,1,2,0,1
0.8915115202617994,0.382402,45,1,0,21,0,1,5,0,1
0.8915115202617994,0.385842,45,1,0,28,0,1,5,0,1
0.8908560312701463,0.352604,64,1,0,21,0,1,5,0,1
0.8915115202617994,0.384735,45,1,0,21,0,1,10,0,1
0.890956753264914,0.344805,62,1,0,21,0,1,5,0,1
0.8915115202617994,0.389397,45,1,0,18,0,1,5,0,1
0.8915115202617994,0.385849,45,1,0,21,0,0,5,0,1
0.8915115202617994,0.384331,45,1,0,21,0,1,4,0,1
0.8915115202617994,0.385747,45,1,0,26,0,1,5,0,1
0.8915115202617994,0.383933,45,1,0,21,0,1,3,0,1
0.8911080343884495,0.358421,59,1,0,21,0,1,5,0,1
0.8915115202617994,0.3832,45,1,0,21,0,1,12,0,1
0.8913895424485281,0.416374,38,1,0,21,0,1,5,0,1
0.8900962110048045,0.330574,170,1,0,21,0,1,5,0,1
0.8914898772036355,0.393773,42,1,0,21,0,1,4,0,1
0.8905769928135633,0.469664,24,1,0,21,0,1,5,0,1
0.8915115202617994,0.3879,45,1,0,21,0,1,6,0,1
0.8915115202617994,0.385406,45,1,0,36,0,1,3,0,1
0.8915115202617994,0.383195,45,1,0,25,0,1,5,0,1
0.8915115202617994,0.419662,45,1,0,32,0,1,3,0,1
0.8905229167139779,0.469146,23,1,0,10,0,1,5,0,1
0.8898008347677109,0.50886,2,0,0,7,0,0,3,0,0
0.8905229167139779,0.469538,23,1,0,21,0,1,5,0,1
0.8915115202617994,0.383777,45,1,0,17,0,1,17,0,1
0.890104189693345,0.495875,16,1,0,21,0,1,5,0,1
0.8915115202617994,0.382951,45,1,0,14,0,1,5,0,1
0.8915115202617994,0.383329,45,1,0,14,0,1,5,0,1
0.8915115202617994,0.384306,45,1,0,27,0,1,5,0,1
0.8902636781263826,0.50079,19,1,0,24,0,1,2,0,1
0.8898008347677109,0.510349,85,0,0,2,0,0,26,0,0
0.8915115202617994,0.387879,45,1,0,19,0,1,5,0,1
0.8915115202617994,0.384118,45,1,0,16,0,1,3,0,1
0.8915115202617994,0.38427,45,1,0,10,0,1,5,0,1
0.8900962110048045,0.33429,101,1,0,21,0,1,4,0,1
0.891489181547545,0.381991,48,1,0,21,0,1,5,0,1
0.8915115202617994,0.384436,45,1,0,10,0,1,5,0,1
0.8900962110048045,0.331734,132,1,0,21,0,1,5,0,1
0.8898008347677109,0.507418,24,0,0,3,0,0,8,0,0
0.8915115202617994,0.385492,45,1,0,21,0,1,4,0,1
0.891489181547545,0.377416,48,1,0,21,0,1,5,0,1
0.8900962110048045,0.330099,142,1,0,21,0,1,5,0,1
0.8915115202617994,0.382899,45,1,0,21,0,1,6,0,1
0.8907834272255505,0.456189,27,1,0,21,0,1,5,0,1
0.8907834272255505,0.455277,27,1,0,21,0,1,5,0,1
0.8900563122296412,0.507081,15,1,0,21,0,0,5,0,1
0.8898008347677109,0.509885,0,0,0,1,0,0,26,0,0
0.8915115202617994,0.382622,45,1,0,27,0,1,5,0,1
0.8915115202617994,0.385222,45,1,0,14,0,1,5,0,1
0.8915115202617994,0.382751,45,1,0,21,0,1,9,0,1
0.8898008347677109,0.513054,2,0,0,2,0,0,9,0,0
0.8915115202617994,0.384582,45,1,0,30,0,1,16,0,1
0.8912604668378707,0.427383,35,1,0,18,0,1,5,0,1
0.8903880131092183,0.479345,21,1,0,21,0,1,7,0,1
0.8901837721813,0.334562,82,1,0,21,0,1,11,0,1
0.8900962110048045,0.330068,157,1,0,21,0,1,5,0,1
0.8898008347677109,0.517593,45,0,0,21,0,1,6,0,1
0.8915115202617994,0.383563,45,1,0,21,0,1,3,0,1
0.8898026481971604,0.53045,3,1,0,23,0,0,7,0,0
0.8898008347677109,0.508834,3,0,0,5,0,0,5,0,0
0.8898008347677109,0.523384,20,0,0,2,0,0,2,0,0
0.8898008347677109,0.515329,21,0,0,5,0,0,6,0,0
0.8915115202617994,0.383704,45,1,0,21,0,1,6,0,1
0.8905649676479381,0.334815,70,1,0,21,0,1,4,0,1
0.8915115202617994,0.383166,45,1,0,21,0,1,4,0,1
0.8915115202617994,0.385339,45,1,0,21,0,1,2,0,1
0.8915115202617994,0.383675,45,1,0,21,0,1,3,0,1
0.8898008347677109,0.509632,45,0,0,21,0,1,10,0,1
0.8915115202617994,0.385973,45,1,0,26,0,1,4,0,1
0.8903984684965518,0.333036,74,1,0,21,0,1,4,0,1
0.8915115202617994,0.383912,45,1,0,21,0,1,7,0,1
0.8901560125050647,0.491758,17,1,0,18,0,1,5,0,1
0.8908560312701463,0.345639,64,1,0,21,0,1,5,0,1
0.890610924766724,0.336173,69,1,0,21,0,1,5,0,1
0.8915115202617994,0.385178,45,1,0,21,0,1,6,0,1
0.8902636781263826,0.486786,19,1,0,21,0,1,6,0,1
0.8898008347677109,0.513464,45,0,0,10,0,1,5,0,1
0.8909797335357181,0.441178,30,1,0,21,0,1,5,0,1
0.8906444867384298,0.463227,25,1,0,21,0,1,5,0,1
0.8900962110048045,0.3294,101,1,0,21,0,1,6,0,1
0.8901023923903313,0.335365,91,1,0,21,0,1,5,0,1
0.8915115202617994,0.384711,45,1,0,28,0,1,3,0,1
0.8898008347677109,0.521889,18,0,0,2,0,0,1,0,0
0.8898008347677109,0.510924,7,0,0,7,0,0,3,0,0
0.8898008347677109,0.517331,7,0,0,11,0,0,2,0,0
0.8898008347677109,0.508989,17,0,0,2,0,1,4,0,0
0.8900962110048045,0.337523,128,1,0,21,0,1,5,0,1
0.8909218469485394,0.445075,29,1,0,21,0,1,5,1,1
0.8915033374830001,0.39194,43,1,0,21,0,1,5,0,1
0.8915115202617994,0.384313,45,1,0,19,0,1,4,0,1
0.8915115202617994,0.384526,45,1,0,21,0,0,5,0,1
0.8915115202617994,0.385604,45,1,0,21,0,1,0,0,1
0.8901560125050647,0.49982,17,1,0,21,0,1,5,0,1
0.8915115202617994,0.383029,45,1,0,0,0,1,5,0,1
0.8915115202617994,0.382961,45,1,0,21,0,1,3,0,1
0.8915115202617994,0.383291,45,1,0,18,0,1,5,0,1
0.8900962110048045,0.333228,99,1,0,21,0,1,5,0,1
0.8915115202617994,0.384743,45,1,0,24,0,1,7,0,1
0.8898008347677109,0.509962,29,0,0,0,1,1,2,1,0
0.889767983382479,0.533849,74,0,1,60,0,0,0,0,1
0.8900962110048045,0.329422,113,1,0,52,0,1,7,0,0
0.8898008347677109,0.50935,0,0,0,22,1,0,1,0,1
0.8901676306738362,0.330171,83,1,0,21,0,1,5,0,1
0.8912604668378707,0.437359,35,1,0,21,0,1,5,0,1
0.8903880131092183,0.477216,21,1,0,25,0,1,5,0,1
0.8902662419492311,0.335441,78,1,0,32,0,1,5,0,1
0.8909218469485394,0.444975,29,1,0,21,0,1,8,0,1
0.8903615148369745,0.335326,75,1,0,6,0,1,5,0,1
0.8915115202617994,0.386519,45,1,0,35,0,1,5,0,1
0.8902947480153858,0.331142,77,1,0,21,0,1,5,0,1
0.8915115202617994,0.382244,45,1,0,25,0,1,5,0,1
0.8915115202617994,0.395417,45,1,0,31,0,1,5,0,1
0.8900999682242001,0.333214,92,1,0,40,0,1,5,0,1
0.8915011047262751,0.377244,47,1,0,18,0,1,5,0,1
0.891472186848629,0.408056,41,1,0,25,0,1,5,0,1
0.8910438331733339,0.443725,31,1,0,25,0,1,5,0,1
0.8915115202617994,0.389017,45,1,0,35,0,1,5,0,1
0.8911866077084403,0.360951,57,1,0,14,0,1,3,0,1
0.8915115202617994,0.388498,45,1,0,17,0,1,5,0,1
0.8915115202617994,0.383978,45,1,0,45,0,1,7,0,1
0.8909218469485394,0.454719,29,1,0,25,0,1,7,0,1
0.8915115202617994,0.386969,45,1,0,12,0,1,5,0,1
0.8909218469485394,0.446217,29,1,0,25,0,1,13,0,1
0.8909072587531199,0.355501,63,1,0,25,0,1,15,0,1
0.8915115202617994,0.391349,45,1,0,9,0,1,5,0,1
0.8915115202617994,0.389475,45,1,0,20,0,1,5,0,1
0.8915115202617994,0.383587,45,1,0,34,0,1,3,0,1
0.8905649676479381,0.336572,70,1,0,18,0,1,5,0,1
0.8915115202617994,0.390045,45,1,0,25,0,1,9,0,1
0.8915115202617994,0.389034,45,1,0,25,0,1,4,0,1
0.8915115202617994,0.388828,45,1,0,25,0,1,8,0,1
0.8911080343884495,0.358232,59,1,0,25,0,1,5,0,1
0.8911080343884495,0.354133,59,1,0,23,0,1,5,0,1
0.8907138581250632,0.457246,26,1,0,21,0,1,3,0,1
0.8898008347677109,0.513075,38,0,0,7,0,0,1,0,0
0.8915115202617994,0.382756,45,1,0,25,0,1,5,0,0
0.8915115202617994,0.38373,45,1,0,25,0,1,3,0,1
0.890610924766724,0.336156,69,1,0,25,0,1,5,0,1
0.8898008347677109,0.507312,4,0,0,37,0,0,6,0,0
0.8915115202617994,0.393818,45,1,0,25,1,1,5,0,1
0.8915115202617994,0.386855,45,1,0,25,0,1,5,0,0
0.8898008347677109,0.510286,45,0,0,25,0,1,0,0,1
0.8915115202617994,0.385406,45,1,0,15,0,0,4,0,1
0.8915115202617994,0.383027,45,1,0,33,0,1,5,0,1
0.8907524549559422,0.340544,66,1,0,25,0,1,5,0,1
0.8907014656987721,0.338551,67,1,0,45,0,1,5,0,1
0.8898008347677109,0.538841,3,0,0,5,0,0,9,0,1
0.8898008347677109,0.508613,2,0,0,43,0,1,0,0,0
0.8898008347677109,0.516923,1,0,0,98,1,0,19,0,1
0.8898008347677109,0.509522,154,0,0,1,0,0,11,0,0
0.8898008347677109,0.50661,7,0,0,15,0,0,4,0,0
0.8908530498338799,0.450022,28,1,0,25,0,1,5,0,1
0.8915115202617994,0.383305,45,1,0,25,0,1,3,0,1
0.8900962705539239,0.32887,97,1,0,31,0,1,5,0,1
0.8915115202617994,0.388196,45,1,0,20,0,1,5,0,1
0.8912330233803714,0.365546,56,1,0,25,0,1,5,0,1
0.8915115202617994,0.383768,45,1,0,25,0,1,3,0,1
0.8913082752686015,0.422772,36,1,0,25,0,1,5,0,1
0.8898008347677109,0.507171,4,0,0,56,0,0,15,0,0
0.891472186848629,0.401442,41,1,0,25,0,1,5,0,1
0.8900962110048045,0.333914,129,1,0,25,0,1,9,0,1
0.8915115202617994,0.389907,45,1,0,35,0,1,5,0,1
0.8898008347677109,0.510906,7,0,0,20,0,0,7,0,0
0.8898865929201556,0.515118,10,1,0,0,0,0,5,0,1
0.8898008347677109,0.514293,45,0,0,25,0,1,4,0,1
0.8915115202617994,0.388196,45,1,0,6,0,1,5,0,1
0.8915115202617994,0.3832,45,1,0,21,0,1,5,0,1
0.8912604668378707,0.424257,35,1,0,25,0,1,5,0,1
0.8915115202617994,0.398692,45,1,0,21,0,1,5,0,1
0.8905194197769295,0.335602,71,1,0,25,0,1,5,0,1
0.8898450612241899,0.518244,8,1,0,14,0,0,5,0,0
0.8898008347677109,0.508845,11,0,0,11,0,0,4,0,0
0.8898008347677109,0.521807,8,0,0,6,0,0,4,0,0
0.8898008347677109,0.520388,17,0,0,4,0,1,4,0,0
0.8914526144570164,0.411772,40,1,0,25,0,1,5,0,1
0.890104189693345,0.505072,16,1,0,37,0,1,5,0,1
0.8914252580382995,0.425622,39,1,0,25,0,1,5,0,1
0.8915115202617994,0.384149,45,1,0,33,0,1,5,0,1
0.8896195565646778,0.53219,61,0,1,1,1,0,7,1,0
0.8898008347677109,0.512847,8,0,0,21,0,0,6,1,1
0.8900962110048045,0.314115,105,1,1,1,0,1,0,0,0
0.8898008347677109,0.510163,1,0,0,85,1,0,5,0,0
0.8914898772036355,0.39699,42,1,0,25,0,1,5,0,1
0.8915115202617994,0.391813,45,1,0,25,0,1,4,0,1
0.8899380037644189,0.512009,12,1,0,25,0,1,5,0,1
0.8907014656987721,0.342383,67,1,0,25,0,1,5,0,1
0.8914724111339305,0.372483,49,1,0,25,0,1,2,0,1
0.8903880131092183,0.479748,21,1,0,37,0,0,5,0,1
0.8903243865159441,0.482574,20,1,0,25,0,1,5,0,1
0.8915011047262751,0.384814,47,1,0,25,0,1,2,0,1
0.8900962110048045,0.318004,45,1,1,25,0,1,5,0,1
0.8915115202617994,0.38779,45,1,0,25,0,1,5,0,0
0.8900962110048045,0.330327,100,1,0,25,0,1,14,0,1
0.8898008347677109,0.5109,45,0,0,25,0,1,5,0,0
